{
  "3": {
    "averagePrice": 8.434869431755457,
    "marketSaturation": 1.3425814972491101,
    "building_wages": 138,
    "buildingLevelsNeededPerUnitPerHour": 0.008044197700126264,
    "modeledProductionCostPerUnit": 1.3443057880333458,
    "modeledStoreWages": 151.8,
    "modeledUnitsSoldAnHour": 110,
    "retail_adjustment": null
  },
  "4": {
    "averagePrice": 9.381566518360946,
    "marketSaturation": 1.3792663195233006,
    "building_wages": 138,
    "buildingLevelsNeededPerUnitPerHour": 0.008468659746253965,
    "modeledProductionCostPerUnit": 1.3882376098075626,
    "modeledStoreWages": 151.8,
    "modeledUnitsSoldAnHour": 90,
    "retail_adjustment": null
  },
  "5": {
    "averagePrice": 11.317134744799539,
    "marketSaturation": 1.4091045417102674,
    "building_wages": 138,
    "buildingLevelsNeededPerUnitPerHour": 0.009926943737877225,
    "modeledProductionCostPerUnit": 1.7042446242535634,
    "modeledStoreWages": 151.8,
    "modeledUnitsSoldAnHour": 80,
    "retail_adjustment": null
  },
  "7": {
    "averagePrice": 67.41093282760946,
    "marketSaturation": 1.323108125517937,
    "building_wages": 138,
    "buildingLevelsNeededPerUnitPerHour": 0.095492682981571,
    "modeledProductionCostPerUnit": 24.98377551904246,
    "modeledStoreWages": 151.8,
    "modeledUnitsSoldAnHour": 35,
    "retail_adjustment": null
  },
  "8": {
    "averagePrice": 17.746039942973944,
    "marketSaturation": 1.236826371607677,
    "building_wages": 138,
    "buildingLevelsNeededPerUnitPerHour": 0.02221816794682161,
    "modeledProductionCostPerUnit": 6.72213881963258,
    "modeledStoreWages": 151.8,
    "modeledUnitsSoldAnHour": 110,
    "retail_adjustment": null
  },
  "9": {
    "averagePrice": 3.454752844003255,
    "marketSaturation": 1.3054362860062845,
    "building_wages": 138,
    "buildingLevelsNeededPerUnitPerHour": 0.004733489699164731,
    "modeledProductionCostPerUnit": 0.7125887946138862,
    "modeledStoreWages": 151.8,
    "modeledUnitsSoldAnHour": 340,
    "retail_adjustment": null
  },
  "11": {
    "averagePrice": 52.570424998191484,
    "marketSaturation": 0.932908214984994,
    "building_wages": 345,
    "buildingLevelsNeededPerUnitPerHour": 0.05626876324510871,
    "modeledProductionCostPerUnit": 22.67431233835862,
    "modeledStoreWages": 379.5,
    "modeledUnitsSoldAnHour": 103,
    "retail_adjustment": null
  },
  "12": {
    "averagePrice": 52.0065844124002,
    "marketSaturation": 0.944872565270951,
    "building_wages": 345,
    "buildingLevelsNeededPerUnitPerHour": 0.05599644606444132,
    "modeledProductionCostPerUnit": 22.54278314009627,
    "modeledStoreWages": 379.5,
    "modeledUnitsSoldAnHour": 105,
    "retail_adjustment": null
  },
  "24": {
    "averagePrice": 910.6990314637358,
    "marketSaturation": 0.6958958758309555,
    "building_wages": 172.5,
    "buildingLevelsNeededPerUnitPerHour": 0.8377949769982351,
    "modeledProductionCostPerUnit": 313.798879301865,
    "modeledStoreWages": 189.75,
    "modeledUnitsSoldAnHour": 2,
    "retail_adjustment": null
  },
  "25": {
    "averagePrice": 1540.8643807848148,
    "marketSaturation": 0.9244649776640828,
    "building_wages": 172.5,
    "buildingLevelsNeededPerUnitPerHour": 1.0333095920699313,
    "modeledProductionCostPerUnit": 386.2359406767831,
    "modeledStoreWages": 189.75,
    "modeledUnitsSoldAnHour": 0.8,
    "retail_adjustment": null
  },
  "26": {
    "averagePrice": 1756.1156380557509,
    "marketSaturation": 0.6219552247126454,
    "building_wages": 172.5,
    "buildingLevelsNeededPerUnitPerHour": 1.6085311504400206,
    "modeledProductionCostPerUnit": 607.7861475033761,
    "modeledStoreWages": 189.75,
    "modeledUnitsSoldAnHour": 1.2,
    "retail_adjustment": null
  },
  "27": {
    "averagePrice": 864.1499914884397,
    "marketSaturation": 0.677079845336927,
    "building_wages": 172.5,
    "buildingLevelsNeededPerUnitPerHour": 0.7383162803616148,
    "modeledProductionCostPerUnit": 280.00968037793444,
    "modeledStoreWages": 189.75,
    "modeledUnitsSoldAnHour": 2,
    "retail_adjustment": null
  },
  "28": {
    "averagePrice": 1295.7153256525007,
    "marketSaturation": 0.600295082882687,
    "building_wages": 172.5,
    "buildingLevelsNeededPerUnitPerHour": 1.2534173120807357,
    "modeledProductionCostPerUnit": 476.7062435722529,
    "modeledStoreWages": 189.75,
    "modeledUnitsSoldAnHour": 1.8,
    "retail_adjustment": null
  },
  "53": {
    "averagePrice": 3943.7011105746014,
    "marketSaturation": 0.8744489311854079,
    "building_wages": 379.5,
    "buildingLevelsNeededPerUnitPerHour": 4.672236381822931,
    "modeledProductionCostPerUnit": 1730.9671689838988,
    "modeledStoreWages": 417.45000000000005,
    "modeledUnitsSoldAnHour": 2,
    "retail_adjustment": null
  },
  "54": {
    "averagePrice": 8757.095248672334,
    "marketSaturation": 0.9165547695146294,
    "building_wages": 379.5,
    "buildingLevelsNeededPerUnitPerHour": 9.00112740430846,
    "modeledProductionCostPerUnit": 3278.461956819032,
    "modeledStoreWages": 417.45000000000005,
    "modeledUnitsSoldAnHour": 0.5,
    "retail_adjustment": null
  },
  "55": {
    "averagePrice": 2805.520664970219,
    "marketSaturation": 0.80540112687592,
    "building_wages": 379.5,
    "buildingLevelsNeededPerUnitPerHour": 3.0218003910435933,
    "modeledProductionCostPerUnit": 1158.7683303533126,
    "modeledStoreWages": 417.45000000000005,
    "modeledUnitsSoldAnHour": 2,
    "retail_adjustment": null
  },
  "56": {
    "averagePrice": 6645.539772849491,
    "marketSaturation": 1.040257001170795,
    "building_wages": 379.5,
    "buildingLevelsNeededPerUnitPerHour": 5.896619650279817,
    "modeledProductionCostPerUnit": 2222.1336356050774,
    "modeledStoreWages": 417.45000000000005,
    "modeledUnitsSoldAnHour": 0.5,
    "retail_adjustment": null
  },
  "57": {
    "averagePrice": 6766.400369922459,
    "marketSaturation": 0.642758424362185,
    "building_wages": 379.5,
    "buildingLevelsNeededPerUnitPerHour": 7.084558543237653,
    "modeledProductionCostPerUnit": 2881.671650559522,
    "modeledStoreWages": 417.45000000000005,
    "modeledUnitsSoldAnHour": 1,
    "retail_adjustment": null
  },
  "60": {
    "averagePrice": 47.560312119199864,
    "marketSaturation": 1.4062388402175776,
    "building_wages": 310.5,
    "buildingLevelsNeededPerUnitPerHour": 0.02167561164497093,
    "modeledProductionCostPerUnit": 3.0664550470583083,
    "modeledStoreWages": 341.55,
    "modeledUnitsSoldAnHour": 25,
    "retail_adjustment": 0.9
  },
  "61": {
    "averagePrice": 70.80886716637555,
    "marketSaturation": 1.2456100223625644,
    "building_wages": 310.5,
    "buildingLevelsNeededPerUnitPerHour": 0.060303811522999656,
    "modeledProductionCostPerUnit": 9.161671345819464,
    "modeledStoreWages": 341.55,
    "modeledUnitsSoldAnHour": 20,
    "retail_adjustment": 0.9
  },
  "62": {
    "averagePrice": 45.19646417454384,
    "marketSaturation": 1.17200507407129,
    "building_wages": 310.5,
    "buildingLevelsNeededPerUnitPerHour": 0.06028878405204028,
    "modeledProductionCostPerUnit": 10.750818424644207,
    "modeledStoreWages": 341.55,
    "modeledUnitsSoldAnHour": 45,
    "retail_adjustment": 0.9
  },
  "63": {
    "averagePrice": 74.06980421596892,
    "marketSaturation": 1.1495740742413318,
    "building_wages": 310.5,
    "buildingLevelsNeededPerUnitPerHour": 0.1037736274986778,
    "modeledProductionCostPerUnit": 16.807152388178515,
    "modeledStoreWages": 341.55,
    "modeledUnitsSoldAnHour": 30,
    "retail_adjustment": 0.9
  },
  "64": {
    "averagePrice": 109.3120517913868,
    "marketSaturation": 1.2640349402757278,
    "building_wages": 310.5,
    "buildingLevelsNeededPerUnitPerHour": 0.15118850004451478,
    "modeledProductionCostPerUnit": 23.27041811300111,
    "modeledStoreWages": 341.55,
    "modeledUnitsSoldAnHour": 20,
    "retail_adjustment": 0.9
  },
  "65": {
    "averagePrice": 43.40033723767132,
    "marketSaturation": 0.9895657266545484,