{
  "3": {
    "averagePrice": 8.45600910981458,
    "marketSaturation": 1.324005873516923,
    "building_wages": 138,
    "buildingLevelsNeededPerUnitPerHour": 0.008044197700126264,
    "modeledProductionCostPerUnit": 1.3443057880333458,
    "modeledStoreWages": 151.8,
    "modeledUnitsSoldAnHour": 110,
    "retail_adjustment": null
  },
  "4": {
    "averagePrice": 9.014039868436647,
    "marketSaturation": 1.352793742869024,
    "building_wages": 138,
    "buildingLevelsNeededPerUnitPerHour": 0.008468659746253965,
    "modeledProductionCostPerUnit": 1.3882376098075626,
    "modeledStoreWages": 151.8,
    "modeledUnitsSoldAnHour": 90,
    "retail_adjustment": null
  },
  "5": {
    "averagePrice": 11.33674098222229,
    "marketSaturation": 1.372838616859605,
    "building_wages": 138,
    "buildingLevelsNeededPerUnitPerHour": 0.009926943737877225,
    "modeledProductionCostPerUnit": 1.7042446242535634,
    "modeledStoreWages": 151.8,
    "modeledUnitsSoldAnHour": 80,
    "retail_adjustment": null
  },
  "7": {
    "averagePrice": 67.9627748517829,
    "marketSaturation": 1.3068256621823042,
    "building_wages": 138,
    "buildingLevelsNeededPerUnitPerHour": 0.095492682981571,
    "modeledProductionCostPerUnit": 24.98377551904246,
    "modeledStoreWages": 151.8,
    "modeledUnitsSoldAnHour": 35,
    "retail_adjustment": null
  },
  "8": {
    "averagePrice": 18.037905354532207,
    "marketSaturation": 1.2210558073830564,
    "building_wages": 138,
    "buildingLevelsNeededPerUnitPerHour": 0.02221816794682161,
    "modeledProductionCostPerUnit": 6.72213881963258,
    "modeledStoreWages": 151.8,
    "modeledUnitsSoldAnHour": 110,
    "retail_adjustment": null
  },
  "9": {
    "averagePrice": 3.482344995267918,
    "marketSaturation": 1.2969258403094677,
    "building_wages": 138,
    "buildingLevelsNeededPerUnitPerHour": 0.004733489699164731,
    "modeledProductionCostPerUnit": 0.7125887946138862,
    "modeledStoreWages": 151.8,
    "modeledUnitsSoldAnHour": 340,
    "retail_adjustment": null
  },
  "11": {
    "averagePrice": 52.46678738424829,
    "marketSaturation": 0.9413480381589369,
    "building_wages": 345,
    "buildingLevelsNeededPerUnitPerHour": 0.05626876324510871,
    "modeledProductionCostPerUnit": 22.67431233835862,
    "modeledStoreWages": 379.5,
    "modeledUnitsSoldAnHour": 103,
    "retail_adjustment": null
  },
  "12": {
    "averagePrice": 52.071791887493944,
    "marketSaturation": 0.9532892274570376,
    "building_wages": 345,
    "buildingLevelsNeededPerUnitPerHour": 0.05599644606444132,
    "modeledProductionCostPerUnit": 22.54278314009627,
    "modeledStoreWages": 379.5,
    "modeledUnitsSoldAnHour": 105,
    "retail_adjustment": null
  },
  "24": {
    "averagePrice": 910.6492077591827,
    "marketSaturation": 0.6970452542281573,
    "building_wages": 172.5,
    "buildingLevelsNeededPerUnitPerHour": 0.8377949769982351,
    "modeledProductionCostPerUnit": 313.798879301865,
    "modeledStoreWages": 189.75,
    "modeledUnitsSoldAnHour": 2,
    "retail_adjustment": null
  },
  "25": {
    "averagePrice": 1541.6402007676666,
    "marketSaturation": 0.9255400433999661,
    "building_wages": 172.5,
    "buildingLevelsNeededPerUnitPerHour": 1.0333095920699313,
    "modeledProductionCostPerUnit": 386.2359406767831,
    "modeledStoreWages": 189.75,
    "modeledUnitsSoldAnHour": 0.8,
    "retail_adjustment": null
  },
  "26": {
    "averagePrice": 1758.0695652692257,
    "marketSaturation": 0.6252982011538374,
    "building_wages": 172.5,
    "buildingLevelsNeededPerUnitPerHour": 1.6085311504400206,
    "modeledProductionCostPerUnit": 607.7861475033761,
    "modeledStoreWages": 189.75,
    "modeledUnitsSoldAnHour": 1.2,
    "retail_adjustment": null
  },
  "27": {
    "averagePrice": 866.033250538345,
    "marketSaturation": 0.6875970845548699,
    "building_wages": 172.5,
    "buildingLevelsNeededPerUnitPerHour": 0.7383162803616148,
    "modeledProductionCostPerUnit": 280.00968037793444,
    "modeledStoreWages": 189.75,
    "modeledUnitsSoldAnHour": 2,
    "retail_adjustment": null
  },
  "28": {
    "averagePrice": 1295.2102854799996,
    "marketSaturation": 0.5948174190522559,
    "building_wages": 172.5,
    "buildingLevelsNeededPerUnitPerHour": 1.2534173120807357,
    "modeledProductionCostPerUnit": 476.7062435722529,
    "modeledStoreWages": 189.75,
    "modeledUnitsSoldAnHour": 1.8,
    "retail_adjustment": null
  },
  "53": {
    "averagePrice": 3963.556127746169,
    "marketSaturation": 0.892561274596169,
    "building_wages": 379.5,
    "buildingLevelsNeededPerUnitPerHour": 4.672236381822931,
    "modeledProductionCostPerUnit": 1730.9671689838988,
    "modeledStoreWages": 417.45000000000005,
    "modeledUnitsSoldAnHour": 2,
    "retail_adjustment": null
  },
  "54": {
    "averagePrice": 8751.747988513182,
    "marketSaturation": 0.9238828343061288,
    "building_wages": 379.5,
    "buildingLevelsNeededPerUnitPerHour": 9.00112740430846,
    "modeledProductionCostPerUnit": 3278.461956819032,
    "modeledStoreWages": 417.45000000000005,
    "modeledUnitsSoldAnHour": 0.5,
    "retail_adjustment": null
  },
  "55": {
    "averagePrice": 2805.2190390809706,
    "marketSaturation": 0.8129768309968395,
    "building_wages": 379.5,
    "buildingLevelsNeededPerUnitPerHour": 3.0218003910435933,
    "modeledProductionCostPerUnit": 1158.7683303533126,
    "modeledStoreWages": 417.45000000000005,
    "modeledUnitsSoldAnHour": 2,
    "retail_adjustment": null
  },
  "56": {
    "averagePrice": 6642.10810923407,
    "marketSaturation": 1.0466204695955852,
    "building_wages": 379.5,
    "buildingLevelsNeededPerUnitPerHour": 5.896619650279817,
    "modeledProductionCostPerUnit": 2222.1336356050774,
    "modeledStoreWages": 417.45000000000005,
    "modeledUnitsSoldAnHour": 0.5,
    "retail_adjustment": null
  },
  "57": {
    "averagePrice": 6760.15025742932,
    "marketSaturation": 0.6534804624717787,
    "building_wages": 379.5,
    "buildingLevelsNeededPerUnitPerHour": 7.084558543237653,
    "modeledProductionCostPerUnit": 2881.671650559522,
    "modeledStoreWages": 417.45000000000005,
    "modeledUnitsSoldAnHour": 1,
    "retail_adjustment": null
  },
  "60": {
    "averagePrice": 47.44531623131241,
    "marketSaturation": 1.3654472496859935,
    "building_wages": 310.5,
    "buildingLevelsNeededPerUnitPerHour": 0.02167561164497093,
    "modeledProductionCostPerUnit": 3.0664550470583083,
    "modeledStoreWages": 341.55,
    "modeledUnitsSoldAnHour": 25,
    "retail_adjustment": 0.9
  },
  "61": {
    "averagePrice": 70.54382750525677,
    "marketSaturation": 1.2494118085367918,
    "building_wages": 310.5,
    "buildingLevelsNeededPerUnitPerHour": 0.060303811522999656,
    "modeledProductionCostPerUnit": 9.161671345819464,
    "modeledStoreWages": 341.55,
    "modeledUnitsSoldAnHour": 20,
    "retail_adjustment": 0.9
  },
  "62": {
    "averagePrice": 45.62538074184152,
    "marketSaturation": 1.1803106990959984,
    "building_wages": 310.5,
    "buildingLevelsNeededPerUnitPerHour": 0.06028878405204028,
    "modeledProductionCostPerUnit": 10.750818424644207,
    "modeledStoreWages": 341.55,
    "modeledUnitsSoldAnHour": 45,
    "retail_adjustment": 0.9
  },
  "63": {
    "averagePrice": 73.74916053782994,
    "marketSaturation": 1.1618115315952129,
    "building_wages": 310.5,
    "buildingLevelsNeededPerUnitPerHour": 0.1037736274986778,
    "modeledProductionCostPerUnit": 16.807152388178515,
    "modeledStoreWages": 341.55,
    "modeledUnitsSoldAnHour": 30,
    "retail_adjustment": 0.9
  },
  "64": {
    "averagePrice": 110.94269162040325,
    "marketSaturation": 1.2537210633650104,
    "building_wages": 310.5,
    "buildingLevelsNeededPerUnitPerHour": 0.15118850004451478,
    "modeledProductionCostPerUnit": 23.27041811300111,
    "modeledStoreWages": 341.55,
    "modeledUnitsSoldAnHour": 20,
    "retail_adjustment": 0.9
  },
  "65": {
    "averagePrice": 43.38387053297192,
    "marketSaturation": 0.9842100291615661,