{
  "3": {
    "averagePrice": 8.531703581454124,
    "marketSaturation": 1.2591289590599168,
    "building_wages": 138,
    "buildingLevelsNeededPerUnitPerHour": 0.008044197700126264,
    "modeledProductionCostPerUnit": 1.3443057880333458,
    "modeledStoreWages": 151.8,
    "modeledUnitsSoldAnHour": 110,
    "retail_adjustment": null
  },
  "4": {
    "averagePrice": 9.577055115273128,
    "marketSaturation": 1.2576120265354647,
    "building_wages": 138,
    "buildingLevelsNeededPerUnitPerHour": 0.008468659746253965,
    "modeledProductionCostPerUnit": 1.3882376098075626,
    "modeledStoreWages": 151.8,
    "modeledUnitsSoldAnHour": 90,
    "retail_adjustment": null
  },
  "5": {
    "averagePrice": 11.07921839283662,
    "marketSaturation": 1.2663823110711232,
    "building_wages": 138,
    "buildingLevelsNeededPerUnitPerHour": 0.009926943737877225,
    "modeledProductionCostPerUnit": 1.7042446242535634,
    "modeledStoreWages": 151.8,
    "modeledUnitsSoldAnHour": 80,
    "retail_adjustment": null
  },
  "7": {
    "averagePrice": 67.50884016691978,
    "marketSaturation": 1.259230193809632,
    "building_wages": 138,
    "buildingLevelsNeededPerUnitPerHour": 0.095492682981571,
    "modeledProductionCostPerUnit": 24.98377551904246,
    "modeledStoreWages": 151.8,
    "modeledUnitsSoldAnHour": 35,
    "retail_adjustment": null
  },
  "8": {
    "averagePrice": 18.059283869557948,
    "marketSaturation": 1.2199829563805853,
    "building_wages": 138,
    "buildingLevelsNeededPerUnitPerHour": 0.02221816794682161,
    "modeledProductionCostPerUnit": 6.72213881963258,
    "modeledStoreWages": 151.8,
    "modeledUnitsSoldAnHour": 110,
    "retail_adjustment": null
  },
  "9": {
    "averagePrice": 3.449006043062337,
    "marketSaturation": 1.242337903362474,
    "building_wages": 138,
    "buildingLevelsNeededPerUnitPerHour": 0.004733489699164731,
    "modeledProductionCostPerUnit": 0.7125887946138862,
    "modeledStoreWages": 151.8,
    "modeledUnitsSoldAnHour": 340,
    "retail_adjustment": null
  },
  "11": {
    "averagePrice": 52.37368165851379,
    "marketSaturation": 0.9713147310840041,
    "building_wages": 345,
    "buildingLevelsNeededPerUnitPerHour": 0.05626876324510871,
    "modeledProductionCostPerUnit": 22.67431233835862,
    "modeledStoreWages": 379.5,
    "modeledUnitsSoldAnHour": 103,
    "retail_adjustment": null
  },
  "12": {
    "averagePrice": 52.02724898552231,
    "marketSaturation": 0.9834368007546392,
    "building_wages": 345,
    "buildingLevelsNeededPerUnitPerHour": 0.05599644606444132,
    "modeledProductionCostPerUnit": 22.54278314009627,
    "modeledStoreWages": 379.5,
    "modeledUnitsSoldAnHour": 105,
    "retail_adjustment": null
  },
  "24": {
    "averagePrice": 919.2048740225287,
    "marketSaturation": 0.6981261666316954,
    "building_wages": 172.5,
    "buildingLevelsNeededPerUnitPerHour": 0.8377949769982351,
    "modeledProductionCostPerUnit": 313.798879301865,
    "modeledStoreWages": 189.75,
    "modeledUnitsSoldAnHour": 2,
    "retail_adjustment": null
  },
  "25": {
    "averagePrice": 1549.2233869954343,
    "marketSaturation": 0.9166632812784442,
    "building_wages": 172.5,
    "buildingLevelsNeededPerUnitPerHour": 1.0333095920699313,
    "modeledProductionCostPerUnit": 386.2359406767831,
    "modeledStoreWages": 189.75,
    "modeledUnitsSoldAnHour": 0.8,
    "retail_adjustment": null
  },
  "26": {
    "averagePrice": 1761.5369926155317,
    "marketSaturation": 0.6388455016337431,
    "building_wages": 172.5,
    "buildingLevelsNeededPerUnitPerHour": 1.6085311504400206,
    "modeledProductionCostPerUnit": 607.7861475033761,
    "modeledStoreWages": 189.75,
    "modeledUnitsSoldAnHour": 1.2,
    "retail_adjustment": null
  },
  "27": {
    "averagePrice": 866.6130075343267,
    "marketSaturation": 0.7037735878045598,
    "building_wages": 172.5,
    "buildingLevelsNeededPerUnitPerHour": 0.7383162803616148,
    "modeledProductionCostPerUnit": 280.00968037793444,
    "modeledStoreWages": 189.75,
    "modeledUnitsSoldAnHour": 2,
    "retail_adjustment": null
  },
  "28": {
    "averagePrice": 1313.1678906665377,
    "marketSaturation": 0.6036964394484338,
    "building_wages": 172.5,
    "buildingLevelsNeededPerUnitPerHour": 1.2534173120807357,
    "modeledProductionCostPerUnit": 476.7062435722529,
    "modeledStoreWages": 189.75,
    "modeledUnitsSoldAnHour": 1.8,
    "retail_adjustment": null
  },
  "53": {
    "averagePrice": 3954.721969885061,
    "marketSaturation": 0.937084921931672,
    "building_wages": 379.5,
    "buildingLevelsNeededPerUnitPerHour": 4.672236381822931,
    "modeledProductionCostPerUnit": 1730.9671689838988,
    "modeledStoreWages": 417.45000000000005,
    "modeledUnitsSoldAnHour": 2,
    "retail_adjustment": null
  },
  "54": {
    "averagePrice": 8678.81231353404,
    "marketSaturation": 0.9706818453799668,
    "building_wages": 379.5,
    "buildingLevelsNeededPerUnitPerHour": 9.00112740430846,
    "modeledProductionCostPerUnit": 3278.461956819032,
    "modeledStoreWages": 417.45000000000005,
    "modeledUnitsSoldAnHour": 0.5,
    "retail_adjustment": null
  },
  "55": {
    "averagePrice": 2826.308748456355,
    "marketSaturation": 0.8535881030924614,
    "building_wages": 379.5,
    "buildingLevelsNeededPerUnitPerHour": 3.0218003910435933,
    "modeledProductionCostPerUnit": 1158.7683303533126,
    "modeledStoreWages": 417.45000000000005,
    "modeledUnitsSoldAnHour": 2,
    "retail_adjustment": null
  },
  "56": {
    "averagePrice": 6641.882611528874,
    "marketSaturation": 1.058079556558893,
    "building_wages": 379.5,
    "buildingLevelsNeededPerUnitPerHour": 5.896619650279817,
    "modeledProductionCostPerUnit": 2222.1336356050774,
    "modeledStoreWages": 417.45000000000005,
    "modeledUnitsSoldAnHour": 0.5,
    "retail_adjustment": null
  },
  "57": {
    "averagePrice": 6768.314220934038,
    "marketSaturation": 0.6827124477299857,
    "building_wages": 379.5,
    "buildingLevelsNeededPerUnitPerHour": 7.084558543237653,
    "modeledProductionCostPerUnit": 2881.671650559522,
    "modeledStoreWages": 417.45000000000005,
    "modeledUnitsSoldAnHour": 1,
    "retail_adjustment": null
  },
  "60": {
    "averagePrice": 47.18731664113546,
    "marketSaturation": 1.2642904103116832,
    "building_wages": 310.5,
    "buildingLevelsNeededPerUnitPerHour": 0.02167561164497093,
    "modeledProductionCostPerUnit": 3.0664550470583083,
    "modeledStoreWages": 341.55,
    "modeledUnitsSoldAnHour": 25,
    "retail_adjustment": 0.9
  },
  "61": {
    "averagePrice": 69.87781332479103,
    "marketSaturation": 1.2367445368419654,
    "building_wages": 310.5,
    "buildingLevelsNeededPerUnitPerHour": 0.060303811522999656,
    "modeledProductionCostPerUnit": 9.161671345819464,
    "modeledStoreWages": 341.55,
    "modeledUnitsSoldAnHour": 20,
    "retail_adjustment": 0.9
  },
  "62": {
    "averagePrice": 46.22035463394268,
    "marketSaturation": 1.1922300124807443,
    "building_wages": 310.5,
    "buildingLevelsNeededPerUnitPerHour": 0.06028878405204028,
    "modeledProductionCostPerUnit": 10.750818424644207,
    "modeledStoreWages": 341.55,
    "modeledUnitsSoldAnHour": 45,
    "retail_adjustment": 0.9
  },
  "63": {
    "averagePrice": 73.4697349047055,
    "marketSaturation": 1.2005388367406016,
    "building_wages": 310.5,
    "buildingLevelsNeededPerUnitPerHour": 0.1037736274986778,
    "modeledProductionCostPerUnit": 16.807152388178515,
    "modeledStoreWages": 341.55,
    "modeledUnitsSoldAnHour": 30,
    "retail_adjustment": 0.9
  },
  "64": {
    "averagePrice": 111.49359765089932,
    "marketSaturation": 1.2185144996556552,
    "building_wages": 310.5,
    "buildingLevelsNeededPerUnitPerHour": 0.15118850004451478,
    "modeledProductionCostPerUnit": 23.27041811300111,
    "modeledStoreWages": 341.55,
    "modeledUnitsSoldAnHour": 20,
    "retail_adjustment": 0.9
  },
  "65": {
    "averagePrice": 43.83570465974049,
    "marketSaturation": 0.980430794853779,