{
  "3": {
    "averagePrice": 8.403114219331592,
    "marketSaturation": 1.3508573580013223,
    "building_wages": 138,
    "buildingLevelsNeededPerUnitPerHour": 0.008044197700126264,
    "modeledProductionCostPerUnit": 1.3443057880333458,
    "modeledStoreWages": 151.8,
    "modeledUnitsSoldAnHour": 110,
    "retail_adjustment": null
  },
  "4": {
    "averagePrice": 9.404643339092582,
    "marketSaturation": 1.3956234574757083,
    "building_wages": 138,
    "buildingLevelsNeededPerUnitPerHour": 0.008468659746253965,
    "modeledProductionCostPerUnit": 1.3882376098075626,
    "modeledStoreWages": 151.8,
    "modeledUnitsSoldAnHour": 90,
    "retail_adjustment": null
  },
  "5": {
    "averagePrice": 11.253146550863137,
    "marketSaturation": 1.4228309645401531,
    "building_wages": 138,
    "buildingLevelsNeededPerUnitPerHour": 0.009926943737877225,
    "modeledProductionCostPerUnit": 1.7042446242535634,
    "modeledStoreWages": 151.8,
    "modeledUnitsSoldAnHour": 80,
    "retail_adjustment": null
  },
  "7": {
    "averagePrice": 67.47990801600747,
    "marketSaturation": 1.3387428317531411,
    "building_wages": 138,
    "buildingLevelsNeededPerUnitPerHour": 0.095492682981571,
    "modeledProductionCostPerUnit": 24.98377551904246,
    "modeledStoreWages": 151.8,
    "modeledUnitsSoldAnHour": 35,
    "retail_adjustment": null
  },
  "8": {
    "averagePrice": 18.133247363701653,
    "marketSaturation": 1.2241140286539016,
    "building_wages": 138,
    "buildingLevelsNeededPerUnitPerHour": 0.02221816794682161,
    "modeledProductionCostPerUnit": 6.72213881963258,
    "modeledStoreWages": 151.8,
    "modeledUnitsSoldAnHour": 110,
    "retail_adjustment": null
  },
  "9": {
    "averagePrice": 3.4328127196683407,
    "marketSaturation": 1.310208289881569,
    "building_wages": 138,
    "buildingLevelsNeededPerUnitPerHour": 0.004733489699164731,
    "modeledProductionCostPerUnit": 0.7125887946138862,
    "modeledStoreWages": 151.8,
    "modeledUnitsSoldAnHour": 340,
    "retail_adjustment": null
  },
  "11": {
    "averagePrice": 52.617518529620185,
    "marketSaturation": 0.9290819539985542,
    "building_wages": 345,
    "buildingLevelsNeededPerUnitPerHour": 0.05626876324510871,
    "modeledProductionCostPerUnit": 22.67431233835862,
    "modeledStoreWages": 379.5,
    "modeledUnitsSoldAnHour": 103,
    "retail_adjustment": null
  },
  "12": {
    "averagePrice": 52.006569408754714,
    "marketSaturation": 0.9385851909283648,
    "building_wages": 345,
    "buildingLevelsNeededPerUnitPerHour": 0.05599644606444132,
    "modeledProductionCostPerUnit": 22.54278314009627,
    "modeledStoreWages": 379.5,
    "modeledUnitsSoldAnHour": 105,
    "retail_adjustment": null
  },
  "24": {
    "averagePrice": 919.6475740591017,
    "marketSaturation": 0.6920553785591579,
    "building_wages": 172.5,
    "buildingLevelsNeededPerUnitPerHour": 0.8377949769982351,
    "modeledProductionCostPerUnit": 313.798879301865,
    "modeledStoreWages": 189.75,
    "modeledUnitsSoldAnHour": 2,
    "retail_adjustment": null
  },
  "25": {
    "averagePrice": 1529.5576815720358,
    "marketSaturation": 0.9244366671848679,
    "building_wages": 172.5,
    "buildingLevelsNeededPerUnitPerHour": 1.0333095920699313,
    "modeledProductionCostPerUnit": 386.2359406767831,
    "modeledStoreWages": 189.75,
    "modeledUnitsSoldAnHour": 0.8,
    "retail_adjustment": null
  },
  "26": {
    "averagePrice": 1752.225821349144,
    "marketSaturation": 0.6241237257659744,
    "building_wages": 172.5,
    "buildingLevelsNeededPerUnitPerHour": 1.6085311504400206,
    "modeledProductionCostPerUnit": 607.7861475033761,
    "modeledStoreWages": 189.75,
    "modeledUnitsSoldAnHour": 1.2,
    "retail_adjustment": null
  },
  "27": {
    "averagePrice": 866.666477619222,
    "marketSaturation": 0.6699587266600693,
    "building_wages": 172.5,
    "buildingLevelsNeededPerUnitPerHour": 0.7383162803616148,
    "modeledProductionCostPerUnit": 280.00968037793444,
    "modeledStoreWages": 189.75,
    "modeledUnitsSoldAnHour": 2,
    "retail_adjustment": null
  },
  "28": {
    "averagePrice": 1295.9638847191636,
    "marketSaturation": 0.5995463846899102,
    "building_wages": 172.5,
    "buildingLevelsNeededPerUnitPerHour": 1.2534173120807357,
    "modeledProductionCostPerUnit": 476.7062435722529,
    "modeledStoreWages": 189.75,
    "modeledUnitsSoldAnHour": 1.8,
    "retail_adjustment": null
  },
  "53": {
    "averagePrice": 3962.225889088351,
    "marketSaturation": 0.8731308887857817,
    "building_wages": 379.5,
    "buildingLevelsNeededPerUnitPerHour": 4.672236381822931,
    "modeledProductionCostPerUnit": 1730.9671689838988,
    "modeledStoreWages": 417.45000000000005,
    "modeledUnitsSoldAnHour": 2,
    "retail_adjustment": null
  },
  "54": {
    "averagePrice": 8749.931530394673,
    "marketSaturation": 0.9087910881104158,
    "building_wages": 379.5,
    "buildingLevelsNeededPerUnitPerHour": 9.00112740430846,
    "modeledProductionCostPerUnit": 3278.461956819032,
    "modeledStoreWages": 417.45000000000005,
    "modeledUnitsSoldAnHour": 0.5,
    "retail_adjustment": null
  },
  "55": {
    "averagePrice": 2798.3131131388423,
    "marketSaturation": 0.8028210773052719,
    "building_wages": 379.5,
    "buildingLevelsNeededPerUnitPerHour": 3.0218003910435933,
    "modeledProductionCostPerUnit": 1158.7683303533126,
    "modeledStoreWages": 417.45000000000005,
    "modeledUnitsSoldAnHour": 2,
    "retail_adjustment": null
  },
  "56": {
    "averagePrice": 6618.446338970879,
    "marketSaturation": 1.0434583392247565,
    "building_wages": 379.5,
    "buildingLevelsNeededPerUnitPerHour": 5.896619650279817,
    "modeledProductionCostPerUnit": 2222.1336356050774,
    "modeledStoreWages": 417.45000000000005,
    "modeledUnitsSoldAnHour": 0.5,
    "retail_adjustment": null
  },
  "57": {
    "averagePrice": 6747.851897435898,
    "marketSaturation": 0.6316019796606234,
    "building_wages": 379.5,
    "buildingLevelsNeededPerUnitPerHour": 7.084558543237653,
    "modeledProductionCostPerUnit": 2881.671650559522,
    "modeledStoreWages": 417.45000000000005,
    "modeledUnitsSoldAnHour": 1,
    "retail_adjustment": null
  },
  "60": {
    "averagePrice": 47.483448633930024,
    "marketSaturation": 1.4229484618188557,
    "building_wages": 310.5,
    "buildingLevelsNeededPerUnitPerHour": 0.02167561164497093,
    "modeledProductionCostPerUnit": 3.0664550470583083,
    "modeledStoreWages": 341.55,
    "modeledUnitsSoldAnHour": 25,
    "retail_adjustment": 0.9
  },
  "61": {
    "averagePrice": 71.85581770842025,
    "marketSaturation": 1.2474215434062075,
    "building_wages": 310.5,
    "buildingLevelsNeededPerUnitPerHour": 0.060303811522999656,
    "modeledProductionCostPerUnit": 9.161671345819464,
    "modeledStoreWages": 341.55,
    "modeledUnitsSoldAnHour": 20,
    "retail_adjustment": 0.9
  },
  "62": {
    "averagePrice": 44.56617324305535,
    "marketSaturation": 1.1642123488907345,
    "building_wages": 310.5,
    "buildingLevelsNeededPerUnitPerHour": 0.06028878405204028,
    "modeledProductionCostPerUnit": 10.750818424644207,
    "modeledStoreWages": 341.55,
    "modeledUnitsSoldAnHour": 45,
    "retail_adjustment": 0.9
  },
  "63": {
    "averagePrice": 73.3624549418515,
    "marketSaturation": 1.1502896076832791,
    "building_wages": 310.5,
    "buildingLevelsNeededPerUnitPerHour": 0.1037736274986778,
    "modeledProductionCostPerUnit": 16.807152388178515,
    "modeledStoreWages": 341.55,
    "modeledUnitsSoldAnHour": 30,
    "retail_adjustment": 0.9
  },
  "64": {
    "averagePrice": 108.93446949027071,
    "marketSaturation": 1.2702115566306205,
    "building_wages": 310.5,
    "buildingLevelsNeededPerUnitPerHour": 0.15118850004451478,
    "modeledProductionCostPerUnit": 23.27041811300111,
    "modeledStoreWages": 341.55,
    "modeledUnitsSoldAnHour": 20,
    "retail_adjustment": 0.9
  },
  "65": {
    "averagePrice": 43.62379116331804,
    "marketSaturation": 0.9843614460579727,