{
  "3": {
    "averagePrice": 8.420935493652213,
    "marketSaturation": 1.3742982567381024,
    "building_wages": 138,
    "buildingLevelsNeededPerUnitPerHour": 0.008044197700126264,
    "modeledProductionCostPerUnit": 1.3443057880333458,
    "modeledStoreWages": 151.8,
    "modeledUnitsSoldAnHour": 110,
    "retail_adjustment": null
  },
  "4": {
    "averagePrice": 8.729404275881041,
    "marketSaturation": 1.448239487577966,
    "building_wages": 138,
    "buildingLevelsNeededPerUnitPerHour": 0.008468659746253965,
    "modeledProductionCostPerUnit": 1.3882376098075626,
    "modeledStoreWages": 151.8,
    "modeledUnitsSoldAnHour": 90,
    "retail_adjustment": null
  },
  "5": {
    "averagePrice": 11.211932636555563,
    "marketSaturation": 1.4709268345899218,
    "building_wages": 138,
    "buildingLevelsNeededPerUnitPerHour": 0.009926943737877225,
    "modeledProductionCostPerUnit": 1.7042446242535634,
    "modeledStoreWages": 151.8,
    "modeledUnitsSoldAnHour": 80,
    "retail_adjustment": null
  },
  "7": {
    "averagePrice": 67.11995420693947,
    "marketSaturation": 1.3698189316592877,
    "building_wages": 138,
    "buildingLevelsNeededPerUnitPerHour": 0.095492682981571,
    "modeledProductionCostPerUnit": 24.98377551904246,
    "modeledStoreWages": 151.8,
    "modeledUnitsSoldAnHour": 35,
    "retail_adjustment": null
  },
  "8": {
    "averagePrice": 18.086836768466764,
    "marketSaturation": 1.2300443637433935,
    "building_wages": 138,
    "buildingLevelsNeededPerUnitPerHour": 0.02221816794682161,
    "modeledProductionCostPerUnit": 6.72213881963258,
    "modeledStoreWages": 151.8,
    "modeledUnitsSoldAnHour": 110,
    "retail_adjustment": null
  },
  "9": {
    "averagePrice": 3.427970963810637,
    "marketSaturation": 1.3451188618472458,
    "building_wages": 138,
    "buildingLevelsNeededPerUnitPerHour": 0.004733489699164731,
    "modeledProductionCostPerUnit": 0.7125887946138862,
    "modeledStoreWages": 151.8,
    "modeledUnitsSoldAnHour": 340,
    "retail_adjustment": null
  },
  "11": {
    "averagePrice": 52.36939415497595,
    "marketSaturation": 0.9187951110939098,
    "building_wages": 345,
    "buildingLevelsNeededPerUnitPerHour": 0.05626876324510871,
    "modeledProductionCostPerUnit": 22.67431233835862,
    "modeledStoreWages": 379.5,
    "modeledUnitsSoldAnHour": 103,
    "retail_adjustment": null
  },
  "12": {
    "averagePrice": 51.97531758985771,
    "marketSaturation": 0.931315063298821,
    "building_wages": 345,
    "buildingLevelsNeededPerUnitPerHour": 0.05599644606444132,
    "modeledProductionCostPerUnit": 22.54278314009627,
    "modeledStoreWages": 379.5,
    "modeledUnitsSoldAnHour": 105,
    "retail_adjustment": null
  },
  "24": {
    "averagePrice": 910.5244648258272,
    "marketSaturation": 0.6931784888128207,
    "building_wages": 172.5,
    "buildingLevelsNeededPerUnitPerHour": 0.8377949769982351,
    "modeledProductionCostPerUnit": 313.798879301865,
    "modeledStoreWages": 189.75,
    "modeledUnitsSoldAnHour": 2,
    "retail_adjustment": null
  },
  "25": {
    "averagePrice": 1536.136201365543,
    "marketSaturation": 0.9330083711733963,
    "building_wages": 172.5,
    "buildingLevelsNeededPerUnitPerHour": 1.0333095920699313,
    "modeledProductionCostPerUnit": 386.2359406767831,
    "modeledStoreWages": 189.75,
    "modeledUnitsSoldAnHour": 0.8,
    "retail_adjustment": null
  },
  "26": {
    "averagePrice": 1758.2159671067745,
    "marketSaturation": 0.6261840842741468,
    "building_wages": 172.5,
    "buildingLevelsNeededPerUnitPerHour": 1.6085311504400206,
    "modeledProductionCostPerUnit": 607.7861475033761,
    "modeledStoreWages": 189.75,
    "modeledUnitsSoldAnHour": 1.2,
    "retail_adjustment": null
  },
  "27": {
    "averagePrice": 865.5726988193848,
    "marketSaturation": 0.6531906711272215,
    "building_wages": 172.5,
    "buildingLevelsNeededPerUnitPerHour": 0.7383162803616148,
    "modeledProductionCostPerUnit": 280.00968037793444,
    "modeledStoreWages": 189.75,
    "modeledUnitsSoldAnHour": 2,
    "retail_adjustment": null
  },
  "28": {
    "averagePrice": 1293.8712499693934,
    "marketSaturation": 0.5996806025853856,
    "building_wages": 172.5,
    "buildingLevelsNeededPerUnitPerHour": 1.2534173120807357,
    "modeledProductionCostPerUnit": 476.7062435722529,
    "modeledStoreWages": 189.75,
    "modeledUnitsSoldAnHour": 1.8,
    "retail_adjustment": null
  },
  "53": {
    "averagePrice": 3976.323608137045,
    "marketSaturation": 0.852309182346237,
    "building_wages": 379.5,
    "buildingLevelsNeededPerUnitPerHour": 4.672236381822931,
    "modeledProductionCostPerUnit": 1730.9671689838988,
    "modeledStoreWages": 417.45000000000005,
    "modeledUnitsSoldAnHour": 2,
    "retail_adjustment": null
  },
  "54": {
    "averagePrice": 8762.099665182817,
    "marketSaturation": 0.896650577726706,
    "building_wages": 379.5,
    "buildingLevelsNeededPerUnitPerHour": 9.00112740430846,
    "modeledProductionCostPerUnit": 3278.461956819032,
    "modeledStoreWages": 417.45000000000005,
    "modeledUnitsSoldAnHour": 0.5,
    "retail_adjustment": null
  },
  "55": {
    "averagePrice": 2810.13845053148,
    "marketSaturation": 0.7997274010711471,
    "building_wages": 379.5,
    "buildingLevelsNeededPerUnitPerHour": 3.0218003910435933,
    "modeledProductionCostPerUnit": 1158.7683303533126,
    "modeledStoreWages": 417.45000000000005,
    "modeledUnitsSoldAnHour": 2,
    "retail_adjustment": null
  },
  "56": {
    "averagePrice": 6629.96756427305,
    "marketSaturation": 1.0391862479110674,
    "building_wages": 379.5,
    "buildingLevelsNeededPerUnitPerHour": 5.896619650279817,
    "modeledProductionCostPerUnit": 2222.1336356050774,
    "modeledStoreWages": 417.45000000000005,
    "modeledUnitsSoldAnHour": 0.5,
    "retail_adjustment": null
  },
  "57": {
    "averagePrice": 6754.671520853497,
    "marketSaturation": 0.6180624492315442,
    "building_wages": 379.5,
    "buildingLevelsNeededPerUnitPerHour": 7.084558543237653,
    "modeledProductionCostPerUnit": 2881.671650559522,
    "modeledStoreWages": 417.45000000000005,
    "modeledUnitsSoldAnHour": 1,
    "retail_adjustment": null
  },
  "60": {
    "averagePrice": 48.065547317423075,
    "marketSaturation": 1.472944172714391,
    "building_wages": 310.5,
    "buildingLevelsNeededPerUnitPerHour": 0.02167561164497093,
    "modeledProductionCostPerUnit": 3.0664550470583083,
    "modeledStoreWages": 341.55,
    "modeledUnitsSoldAnHour": 25,
    "retail_adjustment": 0.9
  },
  "61": {
    "averagePrice": 70.48194256577408,
    "marketSaturation": 1.2464472290316717,
    "building_wages": 310.5,
    "buildingLevelsNeededPerUnitPerHour": 0.060303811522999656,
    "modeledProductionCostPerUnit": 9.161671345819464,
    "modeledStoreWages": 341.55,
    "modeledUnitsSoldAnHour": 20,
    "retail_adjustment": 0.9
  },
  "62": {
    "averagePrice": 45.095574712294656,
    "marketSaturation": 1.167940402783858,
    "building_wages": 310.5,
    "buildingLevelsNeededPerUnitPerHour": 0.06028878405204028,
    "modeledProductionCostPerUnit": 10.750818424644207,
    "modeledStoreWages": 341.55,
    "modeledUnitsSoldAnHour": 45,
    "retail_adjustment": 0.9
  },
  "63": {
    "averagePrice": 73.08055157579834,
    "marketSaturation": 1.1491954740451833,
    "building_wages": 310.5,
    "buildingLevelsNeededPerUnitPerHour": 0.1037736274986778,
    "modeledProductionCostPerUnit": 16.807152388178515,
    "modeledStoreWages": 341.55,
    "modeledUnitsSoldAnHour": 30,
    "retail_adjustment": 0.9
  },
  "64": {
    "averagePrice": 110.28723239535105,
    "marketSaturation": 1.2679687094343264,
    "building_wages": 310.5,
    "buildingLevelsNeededPerUnitPerHour": 0.15118850004451478,
    "modeledProductionCostPerUnit": 23.27041811300111,
    "modeledStoreWages": 341.55,
    "modeledUnitsSoldAnHour": 20,
    "retail_adjustment": 0.9
  },
  "65": {
    "averagePrice": 43.15446523192582,
    "marketSaturation": 1.003969074599157,