{
  "3": {
    "averagePrice": 8.634455185026768,
    "marketSaturation": 1.516169893786317,
    "building_wages": 138,
    "buildingLevelsNeededPerHour": 0.8848617470138891,
    "modeledProductionCostPerUnit": 1.3443057880333458,
    "modeledStoreWages": 151.8,
    "modeledUnitsSoldAnHour": 110
  },
  "4": {
    "averagePrice": 9.786607715530032,
    "marketSaturation": 1.4851958050604877,
    "building_wages": 138,
    "buildingLevelsNeededPerHour": 0.7621793771628567,
    "modeledProductionCostPerUnit": 1.3882376098075626,
    "modeledStoreWages": 151.8,
    "modeledUnitsSoldAnHour": 90
  },
  "5": {
    "averagePrice": 11.733147679277021,
    "marketSaturation": 1.5108663439081882,
    "building_wages": 138,
    "buildingLevelsNeededPerHour": 0.794155499030178,
    "modeledProductionCostPerUnit": 1.7042446242535634,
    "modeledStoreWages": 151.8,
    "modeledUnitsSoldAnHour": 80
  },
  "7": {
    "averagePrice": 67.7165327828916,
    "marketSaturation": 1.4807014597232249,
    "building_wages": 138,
    "buildingLevelsNeededPerHour": 3.342243904354985,
    "modeledProductionCostPerUnit": 24.98377551904246,
    "modeledStoreWages": 151.8,
    "modeledUnitsSoldAnHour": 35
  },
  "8": {
    "averagePrice": 19.175832629204862,
    "marketSaturation": 1.3227701610447355,
    "building_wages": 138,
    "buildingLevelsNeededPerHour": 2.4439984741503773,
    "modeledProductionCostPerUnit": 6.72213881963258,
    "modeledStoreWages": 151.8,
    "modeledUnitsSoldAnHour": 110
  },
  "9": {
    "averagePrice": 3.6247952801408965,
    "marketSaturation": 1.4390331148733477,
    "building_wages": 138,
    "buildingLevelsNeededPerHour": 1.6093864977160086,
    "modeledProductionCostPerUnit": 0.7125887946138862,
    "modeledStoreWages": 151.8,
    "modeledUnitsSoldAnHour": 340
  },
  "11": {
    "averagePrice": 55.692435240233905,
    "marketSaturation": 1.0260119535273369,
    "building_wages": 345,
    "buildingLevelsNeededPerHour": 5.795682614246198,
    "modeledProductionCostPerUnit": 22.67431233835862,
    "modeledStoreWages": 379.5,
    "modeledUnitsSoldAnHour": 103
  },
  "12": {
    "averagePrice": 55.05591827388886,
    "marketSaturation": 1.0432029715549507,
    "building_wages": 345,
    "buildingLevelsNeededPerHour": 5.879626836766338,
    "modeledProductionCostPerUnit": 22.54278314009627,
    "modeledStoreWages": 379.5,
    "modeledUnitsSoldAnHour": 105
  },
  "24": {
    "averagePrice": 969.472957936269,
    "marketSaturation": 0.6760022902740853,
    "building_wages": 172.5,
    "buildingLevelsNeededPerHour": 1.6755899539964703,
    "modeledProductionCostPerUnit": 313.798879301865,
    "modeledStoreWages": 189.75,
    "modeledUnitsSoldAnHour": 2
  },
  "25": {
    "averagePrice": 1630.2693070151765,
    "marketSaturation": 0.9175935507021533,
    "building_wages": 172.5,
    "buildingLevelsNeededPerHour": 0.826647673655945,
    "modeledProductionCostPerUnit": 386.2359406767831,
    "modeledStoreWages": 189.75,
    "modeledUnitsSoldAnHour": 0.8
  },
  "26": {
    "averagePrice": 1922.8774587110577,
    "marketSaturation": 0.6292522232738914,
    "building_wages": 172.5,
    "buildingLevelsNeededPerHour": 1.9302373805280244,
    "modeledProductionCostPerUnit": 607.7861475033761,
    "modeledStoreWages": 189.75,
    "modeledUnitsSoldAnHour": 1.2
  },
  "27": {
    "averagePrice": 941.3801178682326,
    "marketSaturation": 0.7033168602964419,
    "building_wages": 172.5,
    "buildingLevelsNeededPerHour": 1.4766325607232296,
    "modeledProductionCostPerUnit": 280.00968037793444,
    "modeledStoreWages": 189.75,
    "modeledUnitsSoldAnHour": 2
  },
  "28": {
    "averagePrice": 1387.2676982997882,
    "marketSaturation": 0.6296109883553044,
    "building_wages": 172.5,
    "buildingLevelsNeededPerHour": 2.2561511617453243,
    "modeledProductionCostPerUnit": 476.7062435722529,
    "modeledStoreWages": 189.75,
    "modeledUnitsSoldAnHour": 1.8
  },
  "53": {
    "averagePrice": 4181.524904241736,
    "marketSaturation": 0.9944027752890705,
    "building_wages": 379.5,
    "buildingLevelsNeededPerHour": 9.344472763645863,
    "modeledProductionCostPerUnit": 1730.9671689838988,
    "modeledStoreWages": 417.45000000000005,
    "modeledUnitsSoldAnHour": 2
  },
  "54": {
    "averagePrice": 9275.597461440586,
    "marketSaturation": 1.0180299308136802,
    "building_wages": 379.5,
    "buildingLevelsNeededPerHour": 4.50056370215423,
    "modeledProductionCostPerUnit": 3278.461956819032,
    "modeledStoreWages": 417.45000000000005,
    "modeledUnitsSoldAnHour": 0.5
  },
  "55": {
    "averagePrice": 2962.0157101726763,
    "marketSaturation": 0.9621726959777211,
    "building_wages": 379.5,
    "buildingLevelsNeededPerHour": 6.043600782087187,
    "modeledProductionCostPerUnit": 1158.7683303533126,
    "modeledStoreWages": 417.45000000000005,
    "modeledUnitsSoldAnHour": 2
  },
  "56": {
    "averagePrice": 6996.297118528801,
    "marketSaturation": 1.092702455889944,
    "building_wages": 379.5,
    "buildingLevelsNeededPerHour": 2.9483098251399085,
    "modeledProductionCostPerUnit": 2222.1336356050774,
    "modeledStoreWages": 417.45000000000005,
    "modeledUnitsSoldAnHour": 0.5
  },
  "57": {
    "averagePrice": 7135.539942406143,
    "marketSaturation": 0.7743744011927194,
    "building_wages": 379.5,
    "buildingLevelsNeededPerHour": 7.084558543237653,
    "modeledProductionCostPerUnit": 2881.671650559522,
    "modeledStoreWages": 417.45000000000005,
    "modeledUnitsSoldAnHour": 1
  },
  "60": {
    "averagePrice": 51.45773263912218,
    "marketSaturation": 1.418100927946486,
    "building_wages": 310.5,
    "buildingLevelsNeededPerHour": 0.5418902911242732,
    "modeledProductionCostPerUnit": 3.0664550470583083,
    "modeledStoreWages": 341.55,
    "modeledUnitsSoldAnHour": 25
  },
  "61": {
    "averagePrice": 75.42848670026885,
    "marketSaturation": 1.3447794292528428,
    "building_wages": 310.5,
    "buildingLevelsNeededPerHour": 1.2060762304599932,
    "modeledProductionCostPerUnit": 9.161671345819464,
    "modeledStoreWages": 341.55,
    "modeledUnitsSoldAnHour": 20
  },
  "62": {
    "averagePrice": 51.06930327817207,
    "marketSaturation": 1.1847547053528897,
    "building_wages": 310.5,
    "buildingLevelsNeededPerHour": 2.7129952823418124,
    "modeledProductionCostPerUnit": 10.750818424644207,
    "modeledStoreWages": 341.55,
    "modeledUnitsSoldAnHour": 45
  },
  "63": {
    "averagePrice": 80.88763706861707,
    "marketSaturation": 1.2823563483136835,
    "building_wages": 310.5,
    "buildingLevelsNeededPerHour": 3.1132088249603345,
    "modeledProductionCostPerUnit": 16.807152388178515,
    "modeledStoreWages": 341.55,
    "modeledUnitsSoldAnHour": 30
  },
  "64": {
    "averagePrice": 119.34740955028744,
    "marketSaturation": 1.3750659017084683,
    "building_wages": 310.5,
    "buildingLevelsNeededPerHour": 3.0237700008902952,
    "modeledProductionCostPerUnit": 23.27041811300111,
    "modeledStoreWages": 341.55,
    "modeledUnitsSoldAnHour": 20
  },
  "65": {
    "averagePrice": 45.970550180289344,
    "marketSaturation": 0.9769937578084747,
    "building_wages": 310.5,
    "buildingLevelsNeededPerHour": 0.561561083252753,
    "modeledProductionCostPerUnit": 6.993789593574047,
    "modeledStoreWages": 341.55,
    "modeledUnitsSoldAnHour": 30
  },
  "67": {
    "averagePrice": 16.180429007140862,
    "marketSaturation": 0.3435700714148799,
    "building_wages": 241.5,
    "buildingLevelsNeededPerHour": 6.48226412825268,
    "modeledProductionCostPerUnit": 6.16892417453501,
    "modeledStoreWages": 265.65,
    "modeledUnitsSoldAnHour": 400
  },
  "70": {
    "averagePrice": 1220.7156871563,
    "marketSaturation": 1.1083056811682253,
    "building_wages": 310.5,
    "buildingLevelsNeededPerHour": 3.5985509935976054,
    "modeledProductionCostPerUnit": 424.7213109870318,
    "modeledStoreWages": 341.55,
    "modeledUnitsSoldAnHour": 3
  },
  "71": {
    "averagePrice": 2245.9253978212514,