{
  "3": {
    "averagePrice": 8.440732397285954,
    "marketSaturation": 1.30930701901947,
    "building_wages": 138,
    "buildingLevelsNeededPerUnitPerHour": 0.008217493995122272,
    "modeledProductionCostPerUnit": 1.3858094303634345,
    "modeledStoreWages": 151.8,
    "modeledUnitsSoldAnHour": 110,
    "retail_adjustment": null
  },
  "4": {
    "averagePrice": 9.576595797525162,
    "marketSaturation": 1.3299909359560353,
    "building_wages": 138,
    "buildingLevelsNeededPerUnitPerHour": 0.008647570615670862,
    "modeledProductionCostPerUnit": 1.4303223605902133,
    "modeledStoreWages": 151.8,
    "modeledUnitsSoldAnHour": 90,
    "retail_adjustment": null
  },
  "5": {
    "averagePrice": 11.346912825578189,
    "marketSaturation": 1.3555839574278945,
    "building_wages": 138,
    "buildingLevelsNeededPerUnitPerHour": 0.010146722009585872,
    "modeledProductionCostPerUnit": 1.758161562721152,
    "modeledStoreWages": 151.8,
    "modeledUnitsSoldAnHour": 80,
    "retail_adjustment": null
  },
  "7": {
    "averagePrice": 68.183846355324,
    "marketSaturation": 1.2966446083945655,
    "building_wages": 138,
    "buildingLevelsNeededPerUnitPerHour": 0.09873545210512771,
    "modeledProductionCostPerUnit": 26.107063782608225,
    "modeledStoreWages": 151.8,
    "modeledUnitsSoldAnHour": 35,
    "retail_adjustment": null
  },
  "8": {
    "averagePrice": 17.94618866271091,
    "marketSaturation": 1.2252461826919308,
    "building_wages": 138,
    "buildingLevelsNeededPerUnitPerHour": 0.023092061408706836,
    "modeledProductionCostPerUnit": 7.046581956294532,
    "modeledStoreWages": 151.8,
    "modeledUnitsSoldAnHour": 110,
    "retail_adjustment": null
  },
  "9": {
    "averagePrice": 3.482724785058113,
    "marketSaturation": 1.283579628916105,
    "building_wages": 138,
    "buildingLevelsNeededPerUnitPerHour": 0.004825017092868805,
    "modeledProductionCostPerUnit": 0.7292769680471267,
    "modeledStoreWages": 151.8,
    "modeledUnitsSoldAnHour": 340,
    "retail_adjustment": null
  },
  "11": {
    "averagePrice": 52.457999943238185,
    "marketSaturation": 0.9456007542723064,
    "building_wages": 345,
    "buildingLevelsNeededPerUnitPerHour": 0.05923092127223874,
    "modeledProductionCostPerUnit": 24.00011652274248,
    "modeledStoreWages": 379.5,
    "modeledUnitsSoldAnHour": 103,
    "retail_adjustment": null
  },
  "12": {
    "averagePrice": 52.01192502842618,
    "marketSaturation": 0.9591024193871505,
    "building_wages": 345,
    "buildingLevelsNeededPerUnitPerHour": 0.05894138193606231,
    "modeledProductionCostPerUnit": 23.86026902336927,
    "modeledStoreWages": 379.5,
    "modeledUnitsSoldAnHour": 105,
    "retail_adjustment": null
  },
  "24": {
    "averagePrice": 913.2509843817237,
    "marketSaturation": 0.6964842538281133,
    "building_wages": 172.5,
    "buildingLevelsNeededPerUnitPerHour": 0.8786144000373325,
    "modeledProductionCostPerUnit": 329.33500966377494,
    "modeledStoreWages": 189.75,
    "modeledUnitsSoldAnHour": 2,
    "retail_adjustment": null
  },
  "25": {
    "averagePrice": 1546.0788005779964,
    "marketSaturation": 0.9214081285870737,
    "building_wages": 172.5,
    "buildingLevelsNeededPerUnitPerHour": 1.0835514408330695,
    "modeledProductionCostPerUnit": 405.3539264590962,
    "modeledStoreWages": 189.75,
    "modeledUnitsSoldAnHour": 0.8,
    "retail_adjustment": null
  },
  "26": {
    "averagePrice": 1758.7642660773295,
    "marketSaturation": 0.6276165605588179,
    "building_wages": 172.5,
    "buildingLevelsNeededPerUnitPerHour": 1.6876114585927768,
    "modeledProductionCostPerUnit": 638.1754481232036,
    "modeledStoreWages": 189.75,
    "modeledUnitsSoldAnHour": 1.2,
    "retail_adjustment": null
  },
  "27": {
    "averagePrice": 865.6877530941049,
    "marketSaturation": 0.6918743988706266,
    "building_wages": 172.5,
    "buildingLevelsNeededPerUnitPerHour": 0.774758363447735,
    "modeledProductionCostPerUnit": 294.16211718069314,
    "modeledStoreWages": 189.75,
    "modeledUnitsSoldAnHour": 2,
    "retail_adjustment": null
  },
  "28": {
    "averagePrice": 1304.38140496828,
    "marketSaturation": 0.5956612732056695,
    "building_wages": 172.5,
    "buildingLevelsNeededPerUnitPerHour": 1.3154602064174634,
    "modeledProductionCostPerUnit": 500.8252761109699,
    "modeledStoreWages": 189.75,
    "modeledUnitsSoldAnHour": 1.8,
    "retail_adjustment": null
  },
  "53": {
    "averagePrice": 3959.774387457377,
    "marketSaturation": 0.897858590462042,
    "building_wages": 379.5,
    "buildingLevelsNeededPerUnitPerHour": 4.897457779940566,
    "modeledProductionCostPerUnit": 1817.5537839187427,
    "modeledStoreWages": 417.45000000000005,
    "modeledUnitsSoldAnHour": 2,
    "retail_adjustment": null
  },
  "54": {
    "averagePrice": 8766.493548265744,
    "marketSaturation": 0.9377397430228774,
    "building_wages": 379.5,
    "buildingLevelsNeededPerUnitPerHour": 9.427646261288189,
    "modeledProductionCostPerUnit": 3441.633210109271,
    "modeledStoreWages": 417.45000000000005,
    "modeledUnitsSoldAnHour": 0.5,
    "retail_adjustment": null
  },
  "55": {
    "averagePrice": 2802.017338082774,
    "marketSaturation": 0.8198118996409746,
    "building_wages": 379.5,
    "buildingLevelsNeededPerUnitPerHour": 3.172768281418329,
    "modeledProductionCostPerUnit": 1219.8990021740833,
    "modeledStoreWages": 417.45000000000005,
    "modeledUnitsSoldAnHour": 2,
    "retail_adjustment": null
  },
  "56": {
    "averagePrice": 6630.300682919082,
    "marketSaturation": 1.050071219216846,
    "building_wages": 379.5,
    "buildingLevelsNeededPerUnitPerHour": 6.186137630842201,
    "modeledProductionCostPerUnit": 2339.553506039372,
    "modeledStoreWages": 417.45000000000005,
    "modeledUnitsSoldAnHour": 0.5,
    "retail_adjustment": null
  },
  "57": {
    "averagePrice": 6772.52337703011,
    "marketSaturation": 0.6583705449111964,
    "building_wages": 379.5,
    "buildingLevelsNeededPerUnitPerHour": 7.460707968859185,
    "modeledProductionCostPerUnit": 3045.215378262768,
    "modeledStoreWages": 417.45000000000005,
    "modeledUnitsSoldAnHour": 1,
    "retail_adjustment": null
  },
  "60": {
    "averagePrice": 47.424546791566996,
    "marketSaturation": 1.3397558158867844,
    "building_wages": 310.5,
    "buildingLevelsNeededPerUnitPerHour": 0.022069348330737124,
    "modeledProductionCostPerUnit": 3.1362257359147736,
    "modeledStoreWages": 341.55,
    "modeledUnitsSoldAnHour": 25,
    "retail_adjustment": 0.9
  },
  "61": {
    "averagePrice": 71.3982678711325,
    "marketSaturation": 1.2444028359836692,
    "building_wages": 310.5,
    "buildingLevelsNeededPerUnitPerHour": 0.06148171668974752,
    "modeledProductionCostPerUnit": 9.394549459952708,
    "modeledStoreWages": 341.55,
    "modeledUnitsSoldAnHour": 20,
    "retail_adjustment": 0.9
  },
  "62": {
    "averagePrice": 45.9852459366575,
    "marketSaturation": 1.1799729963514591,
    "building_wages": 310.5,
    "buildingLevelsNeededPerUnitPerHour": 0.06167748979440691,
    "modeledProductionCostPerUnit": 11.12770965611805,
    "modeledStoreWages": 341.55,
    "modeledUnitsSoldAnHour": 45,
    "retail_adjustment": 0.9
  },
  "63": {
    "averagePrice": 73.05254634595822,
    "marketSaturation": 1.1717805952985778,
    "building_wages": 310.5,
    "buildingLevelsNeededPerUnitPerHour": 0.10593777598939177,
    "modeledProductionCostPerUnit": 17.286602160066415,
    "modeledStoreWages": 341.55,
    "modeledUnitsSoldAnHour": 30,
    "retail_adjustment": 0.9
  },
  "64": {
    "averagePrice": 110.0656764857379,
    "marketSaturation": 1.2453663122922114,
    "building_wages": 310.5,
    "buildingLevelsNeededPerUnitPerHour": 0.15418093353842224,
    "modeledProductionCostPerUnit": 23.87120299919537,
    "modeledStoreWages": 341.55,
    "modeledUnitsSoldAnHour": 20,
    "retail_adjustment": 0.9
  },
  "65": {
    "averagePrice": 43.831205816827435,
    "marketSaturation": 0.9842724895419159,