{
  "3": {
    "averagePrice": 8.405183957571381,
    "marketSaturation": 1.4062588102321194,
    "building_wages": 138,
    "buildingLevelsNeededPerUnitPerHour": 0.008217493995122272,
    "modeledProductionCostPerUnit": 1.3858094303634345,
    "modeledStoreWages": 151.8,
    "modeledUnitsSoldAnHour": 110,
    "retail_adjustment": null
  },
  "4": {
    "averagePrice": 9.157485699230648,
    "marketSaturation": 1.4859732448231846,
    "building_wages": 138,
    "buildingLevelsNeededPerUnitPerHour": 0.008647570615670862,
    "modeledProductionCostPerUnit": 1.4303223605902133,
    "modeledStoreWages": 151.8,
    "modeledUnitsSoldAnHour": 90,
    "retail_adjustment": null
  },
  "5": {
    "averagePrice": 11.18220935558909,
    "marketSaturation": 1.5047508772427745,
    "building_wages": 138,
    "buildingLevelsNeededPerUnitPerHour": 0.010146722009585872,
    "modeledProductionCostPerUnit": 1.758161562721152,
    "modeledStoreWages": 151.8,
    "modeledUnitsSoldAnHour": 80,
    "retail_adjustment": null
  },
  "7": {
    "averagePrice": 66.8210379648703,
    "marketSaturation": 1.392113373518703,
    "building_wages": 138,
    "buildingLevelsNeededPerUnitPerHour": 0.09873545210512771,
    "modeledProductionCostPerUnit": 26.107063782608225,
    "modeledStoreWages": 151.8,
    "modeledUnitsSoldAnHour": 35,
    "retail_adjustment": null
  },
  "8": {
    "averagePrice": 18.43158846889889,
    "marketSaturation": 1.2334103198166135,
    "building_wages": 138,
    "buildingLevelsNeededPerUnitPerHour": 0.023092061408706836,
    "modeledProductionCostPerUnit": 7.046581956294532,
    "modeledStoreWages": 151.8,
    "modeledUnitsSoldAnHour": 110,
    "retail_adjustment": null
  },
  "9": {
    "averagePrice": 3.4212732484959516,
    "marketSaturation": 1.3672944410047105,
    "building_wages": 138,
    "buildingLevelsNeededPerUnitPerHour": 0.004825017092868805,
    "modeledProductionCostPerUnit": 0.7292769680471267,
    "modeledStoreWages": 151.8,
    "modeledUnitsSoldAnHour": 340,
    "retail_adjustment": null
  },
  "11": {
    "averagePrice": 53.77598215015523,
    "marketSaturation": 0.9094376773950529,
    "building_wages": 345,
    "buildingLevelsNeededPerUnitPerHour": 0.05923092127223874,
    "modeledProductionCostPerUnit": 24.00011652274248,
    "modeledStoreWages": 379.5,
    "modeledUnitsSoldAnHour": 103,
    "retail_adjustment": null
  },
  "12": {
    "averagePrice": 52.93108964453707,
    "marketSaturation": 0.9334847318804986,
    "building_wages": 345,
    "buildingLevelsNeededPerUnitPerHour": 0.05894138193606231,
    "modeledProductionCostPerUnit": 23.86026902336927,
    "modeledStoreWages": 379.5,
    "modeledUnitsSoldAnHour": 105,
    "retail_adjustment": null
  },
  "24": {
    "averagePrice": 931.4673124807323,
    "marketSaturation": 0.6949623907432931,
    "building_wages": 172.5,
    "buildingLevelsNeededPerUnitPerHour": 0.8786144000373325,
    "modeledProductionCostPerUnit": 329.33500966377494,
    "modeledStoreWages": 189.75,
    "modeledUnitsSoldAnHour": 2,
    "retail_adjustment": null
  },
  "25": {
    "averagePrice": 1534.5595676417688,
    "marketSaturation": 0.9376711189200252,
    "building_wages": 172.5,
    "buildingLevelsNeededPerUnitPerHour": 1.0835514408330695,
    "modeledProductionCostPerUnit": 405.3539264590962,
    "modeledStoreWages": 189.75,
    "modeledUnitsSoldAnHour": 0.8,
    "retail_adjustment": null
  },
  "26": {
    "averagePrice": 1777.577027680853,
    "marketSaturation": 0.6190947483357432,
    "building_wages": 172.5,
    "buildingLevelsNeededPerUnitPerHour": 1.6876114585927768,
    "modeledProductionCostPerUnit": 638.1754481232036,
    "modeledStoreWages": 189.75,
    "modeledUnitsSoldAnHour": 1.2,
    "retail_adjustment": null
  },
  "27": {
    "averagePrice": 876.305482105522,
    "marketSaturation": 0.6388894821385283,
    "building_wages": 172.5,
    "buildingLevelsNeededPerUnitPerHour": 0.774758363447735,
    "modeledProductionCostPerUnit": 294.16211718069314,
    "modeledStoreWages": 189.75,
    "modeledUnitsSoldAnHour": 2,
    "retail_adjustment": null
  },
  "28": {
    "averagePrice": 1309.7385135359186,
    "marketSaturation": 0.59934146983984,
    "building_wages": 172.5,
    "buildingLevelsNeededPerUnitPerHour": 1.3154602064174634,
    "modeledProductionCostPerUnit": 500.8252761109699,
    "modeledStoreWages": 189.75,
    "modeledUnitsSoldAnHour": 1.8,
    "retail_adjustment": null
  },
  "53": {
    "averagePrice": 4050.822810883311,
    "marketSaturation": 0.8365972700143687,
    "building_wages": 379.5,
    "buildingLevelsNeededPerUnitPerHour": 4.897457779940566,
    "modeledProductionCostPerUnit": 1817.5537839187427,
    "modeledStoreWages": 417.45000000000005,
    "modeledUnitsSoldAnHour": 2,
    "retail_adjustment": null
  },
  "54": {
    "averagePrice": 8884.255462032763,
    "marketSaturation": 0.8909069846160362,
    "building_wages": 379.5,
    "buildingLevelsNeededPerUnitPerHour": 9.427646261288189,
    "modeledProductionCostPerUnit": 3441.633210109271,
    "modeledStoreWages": 417.45000000000005,
    "modeledUnitsSoldAnHour": 0.5,
    "retail_adjustment": null
  },
  "55": {
    "averagePrice": 2861.1508055578593,
    "marketSaturation": 0.7797348187696026,
    "building_wages": 379.5,
    "buildingLevelsNeededPerUnitPerHour": 3.172768281418329,
    "modeledProductionCostPerUnit": 1219.8990021740833,
    "modeledStoreWages": 417.45000000000005,
    "modeledUnitsSoldAnHour": 2,
    "retail_adjustment": null
  },
  "56": {
    "averagePrice": 6670.990860328628,
    "marketSaturation": 1.0428387722725085,
    "building_wages": 379.5,
    "buildingLevelsNeededPerUnitPerHour": 6.186137630842201,
    "modeledProductionCostPerUnit": 2339.553506039372,
    "modeledStoreWages": 417.45000000000005,
    "modeledUnitsSoldAnHour": 0.5,
    "retail_adjustment": null
  },
  "57": {
    "averagePrice": 6865.15587330408,
    "marketSaturation": 0.6011726235391666,
    "building_wages": 379.5,
    "buildingLevelsNeededPerUnitPerHour": 7.460707968859185,
    "modeledProductionCostPerUnit": 3045.215378262768,
    "modeledStoreWages": 417.45000000000005,
    "modeledUnitsSoldAnHour": 1,
    "retail_adjustment": null
  },
  "60": {
    "averagePrice": 48.842610988129024,
    "marketSaturation": 1.5139872565700765,
    "building_wages": 310.5,
    "buildingLevelsNeededPerUnitPerHour": 0.022069348330737124,
    "modeledProductionCostPerUnit": 3.1362257359147736,
    "modeledStoreWages": 341.55,
    "modeledUnitsSoldAnHour": 25,
    "retail_adjustment": 0.9
  },
  "61": {
    "averagePrice": 70.59207324753129,
    "marketSaturation": 1.2661376884078046,
    "building_wages": 310.5,
    "buildingLevelsNeededPerUnitPerHour": 0.06148171668974752,
    "modeledProductionCostPerUnit": 9.394549459952708,
    "modeledStoreWages": 341.55,
    "modeledUnitsSoldAnHour": 20,
    "retail_adjustment": 0.9
  },
  "62": {
    "averagePrice": 45.1404521761709,
    "marketSaturation": 1.1679422387327998,
    "building_wages": 310.5,
    "buildingLevelsNeededPerUnitPerHour": 0.06167748979440691,
    "modeledProductionCostPerUnit": 11.12770965611805,
    "modeledStoreWages": 341.55,
    "modeledUnitsSoldAnHour": 45,
    "retail_adjustment": 0.9
  },
  "63": {
    "averagePrice": 73.01281374663881,
    "marketSaturation": 1.1857636631456672,
    "building_wages": 310.5,
    "buildingLevelsNeededPerUnitPerHour": 0.10593777598939177,
    "modeledProductionCostPerUnit": 17.286602160066415,
    "modeledStoreWages": 341.55,
    "modeledUnitsSoldAnHour": 30,
    "retail_adjustment": 0.9
  },
  "64": {
    "averagePrice": 109.0415217252373,
    "marketSaturation": 1.268943742909371,
    "building_wages": 310.5,
    "buildingLevelsNeededPerUnitPerHour": 0.15418093353842224,
    "modeledProductionCostPerUnit": 23.87120299919537,
    "modeledStoreWages": 341.55,
    "modeledUnitsSoldAnHour": 20,
    "retail_adjustment": 0.9
  },
  "65": {
    "averagePrice": 42.99395193767471,
    "marketSaturation": 1.0093882974997261,