{
  "3": {
    "averagePrice": 8.454111600406575,
    "marketSaturation": 1.3262455968652065,
    "building_wages": 138,
    "buildingLevelsNeededPerUnitPerHour": 0.008217493995122272,
    "modeledProductionCostPerUnit": 1.3858094303634345,
    "modeledStoreWages": 151.8,
    "modeledUnitsSoldAnHour": 110,
    "retail_adjustment": null
  },
  "4": {
    "averagePrice": 9.315416291993438,
    "marketSaturation": 1.367288376911469,
    "building_wages": 138,
    "buildingLevelsNeededPerUnitPerHour": 0.008647570615670862,
    "modeledProductionCostPerUnit": 1.4303223605902133,
    "modeledStoreWages": 151.8,
    "modeledUnitsSoldAnHour": 90,
    "retail_adjustment": null
  },
  "5": {
    "averagePrice": 11.273990819031912,
    "marketSaturation": 1.3965551620310188,
    "building_wages": 138,
    "buildingLevelsNeededPerUnitPerHour": 0.010146722009585872,
    "modeledProductionCostPerUnit": 1.758161562721152,
    "modeledStoreWages": 151.8,
    "modeledUnitsSoldAnHour": 80,
    "retail_adjustment": null
  },
  "7": {
    "averagePrice": 67.79312903293058,
    "marketSaturation": 1.3148094947648925,
    "building_wages": 138,
    "buildingLevelsNeededPerUnitPerHour": 0.09873545210512771,
    "modeledProductionCostPerUnit": 26.107063782608225,
    "modeledStoreWages": 151.8,
    "modeledUnitsSoldAnHour": 35,
    "retail_adjustment": null
  },
  "8": {
    "averagePrice": 18.247943013667854,
    "marketSaturation": 1.2153672647504727,
    "building_wages": 138,
    "buildingLevelsNeededPerUnitPerHour": 0.023092061408706836,
    "modeledProductionCostPerUnit": 7.046581956294532,
    "modeledStoreWages": 151.8,
    "modeledUnitsSoldAnHour": 110,
    "retail_adjustment": null
  },
  "9": {
    "averagePrice": 3.457726406250105,
    "marketSaturation": 1.2970730603097669,
    "building_wages": 138,
    "buildingLevelsNeededPerUnitPerHour": 0.004825017092868805,
    "modeledProductionCostPerUnit": 0.7292769680471267,
    "modeledStoreWages": 151.8,
    "modeledUnitsSoldAnHour": 340,
    "retail_adjustment": null
  },
  "11": {
    "averagePrice": 52.57335364992148,
    "marketSaturation": 0.9367620745515549,
    "building_wages": 345,
    "buildingLevelsNeededPerUnitPerHour": 0.05923092127223874,
    "modeledProductionCostPerUnit": 24.00011652274248,
    "modeledStoreWages": 379.5,
    "modeledUnitsSoldAnHour": 103,
    "retail_adjustment": null
  },
  "12": {
    "averagePrice": 51.97933078537927,
    "marketSaturation": 0.9486382837982562,
    "building_wages": 345,
    "buildingLevelsNeededPerUnitPerHour": 0.05894138193606231,
    "modeledProductionCostPerUnit": 23.86026902336927,
    "modeledStoreWages": 379.5,
    "modeledUnitsSoldAnHour": 105,
    "retail_adjustment": null
  },
  "24": {
    "averagePrice": 914.3393110125285,
    "marketSaturation": 0.6937233180490655,
    "building_wages": 172.5,
    "buildingLevelsNeededPerUnitPerHour": 0.8786144000373325,
    "modeledProductionCostPerUnit": 329.33500966377494,
    "modeledStoreWages": 189.75,
    "modeledUnitsSoldAnHour": 2,
    "retail_adjustment": null
  },
  "25": {
    "averagePrice": 1539.4289624879148,
    "marketSaturation": 0.9236518951493102,
    "building_wages": 172.5,
    "buildingLevelsNeededPerUnitPerHour": 1.0835514408330695,
    "modeledProductionCostPerUnit": 405.3539264590962,
    "modeledStoreWages": 189.75,
    "modeledUnitsSoldAnHour": 0.8,
    "retail_adjustment": null
  },
  "26": {
    "averagePrice": 1751.2969750802679,
    "marketSaturation": 0.6253814769910244,
    "building_wages": 172.5,
    "buildingLevelsNeededPerUnitPerHour": 1.6876114585927768,
    "modeledProductionCostPerUnit": 638.1754481232036,
    "modeledStoreWages": 189.75,
    "modeledUnitsSoldAnHour": 1.2,
    "retail_adjustment": null
  },
  "27": {
    "averagePrice": 863.481604473606,
    "marketSaturation": 0.6799153152087528,
    "building_wages": 172.5,
    "buildingLevelsNeededPerUnitPerHour": 0.774758363447735,
    "modeledProductionCostPerUnit": 294.16211718069314,
    "modeledStoreWages": 189.75,
    "modeledUnitsSoldAnHour": 2,
    "retail_adjustment": null
  },
  "28": {
    "averagePrice": 1302.0229161417458,
    "marketSaturation": 0.5992832919546563,
    "building_wages": 172.5,
    "buildingLevelsNeededPerUnitPerHour": 1.3154602064174634,
    "modeledProductionCostPerUnit": 500.8252761109699,
    "modeledStoreWages": 189.75,
    "modeledUnitsSoldAnHour": 1.8,
    "retail_adjustment": null
  },
  "53": {
    "averagePrice": 3958.5008103314062,
    "marketSaturation": 0.8818618719588805,
    "building_wages": 379.5,
    "buildingLevelsNeededPerUnitPerHour": 4.897457779940566,
    "modeledProductionCostPerUnit": 1817.5537839187427,
    "modeledStoreWages": 417.45000000000005,
    "modeledUnitsSoldAnHour": 2,
    "retail_adjustment": null
  },
  "54": {
    "averagePrice": 8730.037679527855,
    "marketSaturation": 0.9229359975607332,
    "building_wages": 379.5,
    "buildingLevelsNeededPerUnitPerHour": 9.427646261288189,
    "modeledProductionCostPerUnit": 3441.633210109271,
    "modeledStoreWages": 417.45000000000005,
    "modeledUnitsSoldAnHour": 0.5,
    "retail_adjustment": null
  },
  "55": {
    "averagePrice": 2800.201274028553,
    "marketSaturation": 0.8080393492039964,
    "building_wages": 379.5,
    "buildingLevelsNeededPerUnitPerHour": 3.172768281418329,
    "modeledProductionCostPerUnit": 1219.8990021740833,
    "modeledStoreWages": 417.45000000000005,
    "modeledUnitsSoldAnHour": 2,
    "retail_adjustment": null
  },
  "56": {
    "averagePrice": 6637.567649689037,
    "marketSaturation": 1.0444148130973576,
    "building_wages": 379.5,
    "buildingLevelsNeededPerUnitPerHour": 6.186137630842201,
    "modeledProductionCostPerUnit": 2339.553506039372,
    "modeledStoreWages": 417.45000000000005,
    "modeledUnitsSoldAnHour": 0.5,
    "retail_adjustment": null
  },
  "57": {
    "averagePrice": 6787.807270939651,
    "marketSaturation": 0.6481048202850765,
    "building_wages": 379.5,
    "buildingLevelsNeededPerUnitPerHour": 7.460707968859185,
    "modeledProductionCostPerUnit": 3045.215378262768,
    "modeledStoreWages": 417.45000000000005,
    "modeledUnitsSoldAnHour": 1,
    "retail_adjustment": null
  },
  "60": {
    "averagePrice": 47.454140951624346,
    "marketSaturation": 1.382005688988855,
    "building_wages": 310.5,
    "buildingLevelsNeededPerUnitPerHour": 0.022069348330737124,
    "modeledProductionCostPerUnit": 3.1362257359147736,
    "modeledStoreWages": 341.55,
    "modeledUnitsSoldAnHour": 25,
    "retail_adjustment": 0.9
  },
  "61": {
    "averagePrice": 71.80047429825679,
    "marketSaturation": 1.2411038209155127,
    "building_wages": 310.5,
    "buildingLevelsNeededPerUnitPerHour": 0.06148171668974752,
    "modeledProductionCostPerUnit": 9.394549459952708,
    "modeledStoreWages": 341.55,
    "modeledUnitsSoldAnHour": 20,
    "retail_adjustment": 0.9
  },
  "62": {
    "averagePrice": 45.02846671920459,
    "marketSaturation": 1.169352774657066,
    "building_wages": 310.5,
    "buildingLevelsNeededPerUnitPerHour": 0.06167748979440691,
    "modeledProductionCostPerUnit": 11.12770965611805,
    "modeledStoreWages": 341.55,
    "modeledUnitsSoldAnHour": 45,
    "retail_adjustment": 0.9
  },
  "63": {
    "averagePrice": 73.29492821060154,
    "marketSaturation": 1.1568840815526737,
    "building_wages": 310.5,
    "buildingLevelsNeededPerUnitPerHour": 0.10593777598939177,
    "modeledProductionCostPerUnit": 17.286602160066415,
    "modeledStoreWages": 341.55,
    "modeledUnitsSoldAnHour": 30,
    "retail_adjustment": 0.9
  },
  "64": {
    "averagePrice": 109.59039627959979,
    "marketSaturation": 1.2595398388528098,
    "building_wages": 310.5,
    "buildingLevelsNeededPerUnitPerHour": 0.15418093353842224,
    "modeledProductionCostPerUnit": 23.87120299919537,
    "modeledStoreWages": 341.55,
    "modeledUnitsSoldAnHour": 20,
    "retail_adjustment": 0.9
  },
  "65": {
    "averagePrice": 43.79039172341605,
    "marketSaturation": 0.9814907479530064,