{
  "3": {
    "averagePrice": 8.331051596320169,
    "marketSaturation": 1.3613735722571148,
    "building_wages": 138,
    "buildingLevelsNeededPerUnitPerHour": 0.008217493995122272,
    "modeledProductionCostPerUnit": 1.3858094303634345,
    "modeledStoreWages": 151.8,
    "modeledUnitsSoldAnHour": 110,
    "retail_adjustment": null
  },
  "4": {
    "averagePrice": 9.207264769895504,
    "marketSaturation": 1.4305547996654295,
    "building_wages": 138,
    "buildingLevelsNeededPerUnitPerHour": 0.008647570615670862,
    "modeledProductionCostPerUnit": 1.4303223605902133,
    "modeledStoreWages": 151.8,
    "modeledUnitsSoldAnHour": 90,
    "retail_adjustment": null
  },
  "5": {
    "averagePrice": 11.19214640987857,
    "marketSaturation": 1.456481676902979,
    "building_wages": 138,
    "buildingLevelsNeededPerUnitPerHour": 0.010146722009585872,
    "modeledProductionCostPerUnit": 1.758161562721152,
    "modeledStoreWages": 151.8,
    "modeledUnitsSoldAnHour": 80,
    "retail_adjustment": null
  },
  "7": {
    "averagePrice": 67.28123830259777,
    "marketSaturation": 1.3548809336283767,
    "building_wages": 138,
    "buildingLevelsNeededPerUnitPerHour": 0.09873545210512771,
    "modeledProductionCostPerUnit": 26.107063782608225,
    "modeledStoreWages": 151.8,
    "modeledUnitsSoldAnHour": 35,
    "retail_adjustment": null
  },
  "8": {
    "averagePrice": 17.78365820517517,
    "marketSaturation": 1.2282089527716278,
    "building_wages": 138,
    "buildingLevelsNeededPerUnitPerHour": 0.023092061408706836,
    "modeledProductionCostPerUnit": 7.046581956294532,
    "modeledStoreWages": 151.8,
    "modeledUnitsSoldAnHour": 110,
    "retail_adjustment": null
  },
  "9": {
    "averagePrice": 3.444199922773123,
    "marketSaturation": 1.3287858261493368,
    "building_wages": 138,
    "buildingLevelsNeededPerUnitPerHour": 0.004825017092868805,
    "modeledProductionCostPerUnit": 0.7292769680471267,
    "modeledStoreWages": 151.8,
    "modeledUnitsSoldAnHour": 340,
    "retail_adjustment": null
  },
  "11": {
    "averagePrice": 52.57133957948737,
    "marketSaturation": 0.9233272402822179,
    "building_wages": 345,
    "buildingLevelsNeededPerUnitPerHour": 0.05923092127223874,
    "modeledProductionCostPerUnit": 24.00011652274248,
    "modeledStoreWages": 379.5,
    "modeledUnitsSoldAnHour": 103,
    "retail_adjustment": null
  },
  "12": {
    "averagePrice": 52.01836824432252,
    "marketSaturation": 0.9355897779264417,
    "building_wages": 345,
    "buildingLevelsNeededPerUnitPerHour": 0.05894138193606231,
    "modeledProductionCostPerUnit": 23.86026902336927,
    "modeledStoreWages": 379.5,
    "modeledUnitsSoldAnHour": 105,
    "retail_adjustment": null
  },
  "24": {
    "averagePrice": 918.76782397359,
    "marketSaturation": 0.6918132396671859,
    "building_wages": 172.5,
    "buildingLevelsNeededPerUnitPerHour": 0.8786144000373325,
    "modeledProductionCostPerUnit": 329.33500966377494,
    "modeledStoreWages": 189.75,
    "modeledUnitsSoldAnHour": 2,
    "retail_adjustment": null
  },
  "25": {
    "averagePrice": 1529.2176019127148,
    "marketSaturation": 0.9315991112324699,
    "building_wages": 172.5,
    "buildingLevelsNeededPerUnitPerHour": 1.0835514408330695,
    "modeledProductionCostPerUnit": 405.3539264590962,
    "modeledStoreWages": 189.75,
    "modeledUnitsSoldAnHour": 0.8,
    "retail_adjustment": null
  },
  "26": {
    "averagePrice": 1749.738634999912,
    "marketSaturation": 0.6269356032496295,
    "building_wages": 172.5,
    "buildingLevelsNeededPerUnitPerHour": 1.6876114585927768,
    "modeledProductionCostPerUnit": 638.1754481232036,
    "modeledStoreWages": 189.75,
    "modeledUnitsSoldAnHour": 1.2,
    "retail_adjustment": null
  },
  "27": {
    "averagePrice": 865.2695158769056,
    "marketSaturation": 0.6580251758346118,
    "building_wages": 172.5,
    "buildingLevelsNeededPerUnitPerHour": 0.774758363447735,
    "modeledProductionCostPerUnit": 294.16211718069314,
    "modeledStoreWages": 189.75,
    "modeledUnitsSoldAnHour": 2,
    "retail_adjustment": null
  },
  "28": {
    "averagePrice": 1297.5828964961602,
    "marketSaturation": 0.6020734664110513,
    "building_wages": 172.5,
    "buildingLevelsNeededPerUnitPerHour": 1.3154602064174634,
    "modeledProductionCostPerUnit": 500.8252761109699,
    "modeledStoreWages": 189.75,
    "modeledUnitsSoldAnHour": 1.8,
    "retail_adjustment": null
  },
  "53": {
    "averagePrice": 3954.462126506152,
    "marketSaturation": 0.8605181894652496,
    "building_wages": 379.5,
    "buildingLevelsNeededPerUnitPerHour": 4.897457779940566,
    "modeledProductionCostPerUnit": 1817.5537839187427,
    "modeledStoreWages": 417.45000000000005,
    "modeledUnitsSoldAnHour": 2,
    "retail_adjustment": null
  },
  "54": {
    "averagePrice": 8767.29842392105,
    "marketSaturation": 0.9003960850699455,
    "building_wages": 379.5,
    "buildingLevelsNeededPerUnitPerHour": 9.427646261288189,
    "modeledProductionCostPerUnit": 3441.633210109271,
    "modeledStoreWages": 417.45000000000005,
    "modeledUnitsSoldAnHour": 0.5,
    "retail_adjustment": null
  },
  "55": {
    "averagePrice": 2804.7575119273856,
    "marketSaturation": 0.8014651599164074,
    "building_wages": 379.5,
    "buildingLevelsNeededPerUnitPerHour": 3.172768281418329,
    "modeledProductionCostPerUnit": 1219.8990021740833,
    "modeledStoreWages": 417.45000000000005,
    "modeledUnitsSoldAnHour": 2,
    "retail_adjustment": null
  },
  "56": {
    "averagePrice": 6614.066570860243,
    "marketSaturation": 1.0446202608430581,
    "building_wages": 379.5,
    "buildingLevelsNeededPerUnitPerHour": 6.186137630842201,
    "modeledProductionCostPerUnit": 2339.553506039372,
    "modeledStoreWages": 417.45000000000005,
    "modeledUnitsSoldAnHour": 0.5,
    "retail_adjustment": null
  },
  "57": {
    "averagePrice": 6748.558606124604,
    "marketSaturation": 0.6213312041015615,
    "building_wages": 379.5,
    "buildingLevelsNeededPerUnitPerHour": 7.460707968859185,
    "modeledProductionCostPerUnit": 3045.215378262768,
    "modeledStoreWages": 417.45000000000005,
    "modeledUnitsSoldAnHour": 1,
    "retail_adjustment": null
  },
  "60": {
    "averagePrice": 47.91634152144848,
    "marketSaturation": 1.456755493791575,
    "building_wages": 310.5,
    "buildingLevelsNeededPerUnitPerHour": 0.022069348330737124,
    "modeledProductionCostPerUnit": 3.1362257359147736,
    "modeledStoreWages": 341.55,
    "modeledUnitsSoldAnHour": 25,
    "retail_adjustment": 0.9
  },
  "61": {
    "averagePrice": 71.330776361519,
    "marketSaturation": 1.2471538160341369,
    "building_wages": 310.5,
    "buildingLevelsNeededPerUnitPerHour": 0.06148171668974752,
    "modeledProductionCostPerUnit": 9.394549459952708,
    "modeledStoreWages": 341.55,
    "modeledUnitsSoldAnHour": 20,
    "retail_adjustment": 0.9
  },
  "62": {
    "averagePrice": 44.480634768565785,
    "marketSaturation": 1.1643501899364488,
    "building_wages": 310.5,
    "buildingLevelsNeededPerUnitPerHour": 0.06167748979440691,
    "modeledProductionCostPerUnit": 11.12770965611805,
    "modeledStoreWages": 341.55,
    "modeledUnitsSoldAnHour": 45,
    "retail_adjustment": 0.9
  },
  "63": {
    "averagePrice": 73.55681182835824,
    "marketSaturation": 1.1518903338346695,
    "building_wages": 310.5,
    "buildingLevelsNeededPerUnitPerHour": 0.10593777598939177,
    "modeledProductionCostPerUnit": 17.286602160066415,
    "modeledStoreWages": 341.55,
    "modeledUnitsSoldAnHour": 30,
    "retail_adjustment": 0.9
  },
  "64": {
    "averagePrice": 110.1745258932121,
    "marketSaturation": 1.2592765868903053,
    "building_wages": 310.5,
    "buildingLevelsNeededPerUnitPerHour": 0.15418093353842224,
    "modeledProductionCostPerUnit": 23.87120299919537,
    "modeledStoreWages": 341.55,
    "modeledUnitsSoldAnHour": 20,
    "retail_adjustment": 0.9
  },
  "65": {
    "averagePrice": 43.476211743105736,
    "marketSaturation": 0.9945256424020295,