{
  "3": {
    "averagePrice": 8.097672637995128,
    "marketSaturation": 1.2269413188592886,
    "building_wages": 138,
    "buildingLevelsNeededPerUnitPerHour": 0.008217493995122272,
    "modeledProductionCostPerUnit": 1.3858094303634345,
    "modeledStoreWages": 151.8,
    "modeledUnitsSoldAnHour": 110,
    "retail_adjustment": null
  },
  "4": {
    "averagePrice": 9.198332116946409,
    "marketSaturation": 1.2213301108099526,
    "building_wages": 138,
    "buildingLevelsNeededPerUnitPerHour": 0.008647570615670862,
    "modeledProductionCostPerUnit": 1.4303223605902133,
    "modeledStoreWages": 151.8,
    "modeledUnitsSoldAnHour": 90,
    "retail_adjustment": null
  },
  "5": {
    "averagePrice": 10.864644864543589,
    "marketSaturation": 1.2186563971418265,
    "building_wages": 138,
    "buildingLevelsNeededPerUnitPerHour": 0.010146722009585872,
    "modeledProductionCostPerUnit": 1.758161562721152,
    "modeledStoreWages": 151.8,
    "modeledUnitsSoldAnHour": 80,
    "retail_adjustment": null
  },
  "7": {
    "averagePrice": 65.00252982355047,
    "marketSaturation": 1.2204855363090423,
    "building_wages": 138,
    "buildingLevelsNeededPerUnitPerHour": 0.09873545210512771,
    "modeledProductionCostPerUnit": 26.107063782608225,
    "modeledStoreWages": 151.8,
    "modeledUnitsSoldAnHour": 35,
    "retail_adjustment": null
  },
  "8": {
    "averagePrice": 17.41178945225091,
    "marketSaturation": 1.2081448906619412,
    "building_wages": 138,
    "buildingLevelsNeededPerUnitPerHour": 0.023092061408706836,
    "modeledProductionCostPerUnit": 7.046581956294532,
    "modeledStoreWages": 151.8,
    "modeledUnitsSoldAnHour": 110,
    "retail_adjustment": null
  },
  "9": {
    "averagePrice": 3.305455602751546,
    "marketSaturation": 1.218293996229487,
    "building_wages": 138,
    "buildingLevelsNeededPerUnitPerHour": 0.004825017092868805,
    "modeledProductionCostPerUnit": 0.7292769680471267,
    "modeledStoreWages": 151.8,
    "modeledUnitsSoldAnHour": 340,
    "retail_adjustment": null
  },
  "11": {
    "averagePrice": 52.434859303245325,
    "marketSaturation": 0.9848243464494693,
    "building_wages": 345,
    "buildingLevelsNeededPerUnitPerHour": 0.05923092127223874,
    "modeledProductionCostPerUnit": 24.00011652274248,
    "modeledStoreWages": 379.5,
    "modeledUnitsSoldAnHour": 103,
    "retail_adjustment": null
  },
  "12": {
    "averagePrice": 52.34762903682517,
    "marketSaturation": 1.0015101599882885,
    "building_wages": 345,
    "buildingLevelsNeededPerUnitPerHour": 0.05894138193606231,
    "modeledProductionCostPerUnit": 23.86026902336927,
    "modeledStoreWages": 379.5,
    "modeledUnitsSoldAnHour": 105,
    "retail_adjustment": null
  },
  "24": {
    "averagePrice": 927.4522611166382,
    "marketSaturation": 0.6922828883484516,
    "building_wages": 172.5,
    "buildingLevelsNeededPerUnitPerHour": 0.8786144000373325,
    "modeledProductionCostPerUnit": 329.33500966377494,
    "modeledStoreWages": 189.75,
    "modeledUnitsSoldAnHour": 2,
    "retail_adjustment": null
  },
  "25": {
    "averagePrice": 1512.2416523468128,
    "marketSaturation": 0.9254526367993122,
    "building_wages": 172.5,
    "buildingLevelsNeededPerUnitPerHour": 1.0835514408330695,
    "modeledProductionCostPerUnit": 405.3539264590962,
    "modeledStoreWages": 189.75,
    "modeledUnitsSoldAnHour": 0.8,
    "retail_adjustment": null
  },
  "26": {
    "averagePrice": 1712.2862279507729,
    "marketSaturation": 0.640160721645806,
    "building_wages": 172.5,
    "buildingLevelsNeededPerUnitPerHour": 1.6876114585927768,
    "modeledProductionCostPerUnit": 638.1754481232036,
    "modeledStoreWages": 189.75,
    "modeledUnitsSoldAnHour": 1.2,
    "retail_adjustment": null
  },
  "27": {
    "averagePrice": 847.2219513957275,
    "marketSaturation": 0.7057329087741846,
    "building_wages": 172.5,
    "buildingLevelsNeededPerUnitPerHour": 0.774758363447735,
    "modeledProductionCostPerUnit": 294.16211718069314,
    "modeledStoreWages": 189.75,
    "modeledUnitsSoldAnHour": 2,
    "retail_adjustment": null
  },
  "28": {
    "averagePrice": 1295.6499661196876,
    "marketSaturation": 0.6113170246229807,
    "building_wages": 172.5,
    "buildingLevelsNeededPerUnitPerHour": 1.3154602064174634,
    "modeledProductionCostPerUnit": 500.8252761109699,
    "modeledStoreWages": 189.75,
    "modeledUnitsSoldAnHour": 1.8,
    "retail_adjustment": null
  },
  "53": {
    "averagePrice": 3939.079821604158,
    "marketSaturation": 0.97604176912817,
    "building_wages": 379.5,
    "buildingLevelsNeededPerUnitPerHour": 4.897457779940566,
    "modeledProductionCostPerUnit": 1817.5537839187427,
    "modeledStoreWages": 417.45000000000005,
    "modeledUnitsSoldAnHour": 2,
    "retail_adjustment": null
  },
  "54": {
    "averagePrice": 8610.214683315782,
    "marketSaturation": 0.9976148752395412,
    "building_wages": 379.5,
    "buildingLevelsNeededPerUnitPerHour": 9.427646261288189,
    "modeledProductionCostPerUnit": 3441.633210109271,
    "modeledStoreWages": 417.45000000000005,
    "modeledUnitsSoldAnHour": 0.5,
    "retail_adjustment": null
  },
  "55": {
    "averagePrice": 2849.0783613765484,
    "marketSaturation": 0.8811592490922436,
    "building_wages": 379.5,
    "buildingLevelsNeededPerUnitPerHour": 3.172768281418329,
    "modeledProductionCostPerUnit": 1219.8990021740833,
    "modeledStoreWages": 417.45000000000005,
    "modeledUnitsSoldAnHour": 2,
    "retail_adjustment": null
  },
  "56": {
    "averagePrice": 6569.0334987080105,
    "marketSaturation": 1.065047401505532,
    "building_wages": 379.5,
    "buildingLevelsNeededPerUnitPerHour": 6.186137630842201,
    "modeledProductionCostPerUnit": 2339.553506039372,
    "modeledStoreWages": 417.45000000000005,
    "modeledUnitsSoldAnHour": 0.5,
    "retail_adjustment": null
  },
  "57": {
    "averagePrice": 6785.826440962507,
    "marketSaturation": 0.693117546049795,
    "building_wages": 379.5,
    "buildingLevelsNeededPerUnitPerHour": 7.460707968859185,
    "modeledProductionCostPerUnit": 3045.215378262768,
    "modeledStoreWages": 417.45000000000005,
    "modeledUnitsSoldAnHour": 1,
    "retail_adjustment": null
  },
  "60": {
    "averagePrice": 45.5127057161275,
    "marketSaturation": 1.2196884280835265,
    "building_wages": 310.5,
    "buildingLevelsNeededPerUnitPerHour": 0.022069348330737124,
    "modeledProductionCostPerUnit": 3.1362257359147736,
    "modeledStoreWages": 341.55,
    "modeledUnitsSoldAnHour": 25,
    "retail_adjustment": 0.9
  },
  "61": {
    "averagePrice": 69.27407838069927,
    "marketSaturation": 1.2090389728254791,
    "building_wages": 310.5,
    "buildingLevelsNeededPerUnitPerHour": 0.06148171668974752,
    "modeledProductionCostPerUnit": 9.394549459952708,
    "modeledStoreWages": 341.55,
    "modeledUnitsSoldAnHour": 20,
    "retail_adjustment": 0.9
  },
  "62": {
    "averagePrice": 46.134757983659995,
    "marketSaturation": 1.208950214642054,
    "building_wages": 310.5,
    "buildingLevelsNeededPerUnitPerHour": 0.06167748979440691,
    "modeledProductionCostPerUnit": 11.12770965611805,
    "modeledStoreWages": 341.55,
    "modeledUnitsSoldAnHour": 45,
    "retail_adjustment": 0.9
  },
  "63": {
    "averagePrice": 72.28666244147479,
    "marketSaturation": 1.207276601988291,
    "building_wages": 310.5,
    "buildingLevelsNeededPerUnitPerHour": 0.10593777598939177,
    "modeledProductionCostPerUnit": 17.286602160066415,
    "modeledStoreWages": 341.55,
    "modeledUnitsSoldAnHour": 30,
    "retail_adjustment": 0.9
  },
  "64": {
    "averagePrice": 110.02942220832986,
    "marketSaturation": 1.2057220363446794,
    "building_wages": 310.5,
    "buildingLevelsNeededPerUnitPerHour": 0.15418093353842224,
    "modeledProductionCostPerUnit": 23.87120299919537,
    "modeledStoreWages": 341.55,
    "modeledUnitsSoldAnHour": 20,
    "retail_adjustment": 0.9
  },
  "65": {
    "averagePrice": 43.75619257771624,
    "marketSaturation": 0.9812852643230008,