{
  "3": {
    "averagePrice": 8.531703581454124,
    "marketSaturation": 1.2591289590599168,
    "building_wages": 138,
    "buildingLevelsNeededPerUnitPerHour": 0.008388553873848029,
    "modeledProductionCostPerUnit": 1.4271146702613828,
    "modeledStoreWages": 151.8,
    "modeledUnitsSoldAnHour": 110,
    "retail_adjustment": null
  },
  "4": {
    "averagePrice": 9.577055115273128,
    "marketSaturation": 1.2576120265354647,
    "building_wages": 138,
    "buildingLevelsNeededPerUnitPerHour": 0.008824079065452907,
    "modeledProductionCostPerUnit": 1.4721915275924875,
    "modeledStoreWages": 151.8,
    "modeledUnitsSoldAnHour": 90,
    "retail_adjustment": null
  },
  "5": {
    "averagePrice": 11.07921839283662,
    "marketSaturation": 1.2663823110711232,
    "building_wages": 138,
    "buildingLevelsNeededPerUnitPerHour": 0.010363820958529389,
    "modeledProductionCostPerUnit": 1.8118449245962616,
    "modeledStoreWages": 151.8,
    "modeledUnitsSoldAnHour": 80,
    "retail_adjustment": null
  },
  "7": {
    "averagePrice": 67.50884016691978,
    "marketSaturation": 1.259230193809632,
    "building_wages": 138,
    "buildingLevelsNeededPerUnitPerHour": 0.10197912471376516,
    "modeledProductionCostPerUnit": 27.236159609981534,
    "modeledStoreWages": 151.8,
    "modeledUnitsSoldAnHour": 35,
    "retail_adjustment": null
  },
  "8": {
    "averagePrice": 18.059283869557948,
    "marketSaturation": 1.2199829563805853,
    "building_wages": 138,
    "buildingLevelsNeededPerUnitPerHour": 0.023968876657945386,
    "modeledProductionCostPerUnit": 7.373164779734834,
    "modeledStoreWages": 151.8,
    "modeledUnitsSoldAnHour": 110,
    "retail_adjustment": null
  },
  "9": {
    "averagePrice": 3.449006043062337,
    "marketSaturation": 1.242337903362474,
    "building_wages": 138,
    "buildingLevelsNeededPerUnitPerHour": 0.004914719179872743,
    "modeledProductionCostPerUnit": 0.7457356032185923,
    "modeledStoreWages": 151.8,
    "modeledUnitsSoldAnHour": 340,
    "retail_adjustment": null
  },
  "11": {
    "averagePrice": 52.37368165851379,
    "marketSaturation": 0.9713147310840041,
    "building_wages": 345,
    "buildingLevelsNeededPerUnitPerHour": 0.06223127164837737,
    "modeledProductionCostPerUnit": 25.346153686717084,
    "modeledStoreWages": 379.5,
    "modeledUnitsSoldAnHour": 103,
    "retail_adjustment": null
  },
  "12": {
    "averagePrice": 52.02724898552231,
    "marketSaturation": 0.9834368007546392,
    "building_wages": 345,
    "buildingLevelsNeededPerUnitPerHour": 0.06192421230101806,
    "modeledProductionCostPerUnit": 25.19784402194254,
    "modeledStoreWages": 379.5,
    "modeledUnitsSoldAnHour": 105,
    "retail_adjustment": null
  },
  "24": {
    "averagePrice": 919.2048740225287,
    "marketSaturation": 0.6981261666316954,
    "building_wages": 172.5,
    "buildingLevelsNeededPerUnitPerHour": 0.9196153934721971,
    "modeledProductionCostPerUnit": 344.9494349087166,
    "modeledStoreWages": 189.75,
    "modeledUnitsSoldAnHour": 2,
    "retail_adjustment": null
  },
  "25": {
    "averagePrice": 1549.2233869954343,
    "marketSaturation": 0.9166632812784442,
    "building_wages": 172.5,
    "buildingLevelsNeededPerUnitPerHour": 1.1340163052529166,
    "modeledProductionCostPerUnit": 424.5693713975946,
    "modeledStoreWages": 189.75,
    "modeledUnitsSoldAnHour": 0.8,
    "retail_adjustment": null
  },
  "26": {
    "averagePrice": 1761.5369926155317,
    "marketSaturation": 0.6388455016337431,
    "building_wages": 172.5,
    "buildingLevelsNeededPerUnitPerHour": 1.7670799707597535,
    "modeledProductionCostPerUnit": 668.733955448407,
    "modeledStoreWages": 189.75,
    "modeledUnitsSoldAnHour": 1.2,
    "retail_adjustment": null
  },
  "27": {
    "averagePrice": 866.6130075343267,
    "marketSaturation": 0.7037735878045598,
    "building_wages": 172.5,
    "buildingLevelsNeededPerUnitPerHour": 0.8113981185168005,
    "modeledProductionCostPerUnit": 308.4046472015463,
    "modeledStoreWages": 189.75,
    "modeledUnitsSoldAnHour": 2,
    "retail_adjustment": null
  },
  "28": {
    "averagePrice": 1313.1678906665377,
    "marketSaturation": 0.6036964394484338,
    "building_wages": 172.5,
    "buildingLevelsNeededPerUnitPerHour": 1.3778425895816175,
    "modeledProductionCostPerUnit": 525.0973705473355,
    "modeledStoreWages": 189.75,
    "modeledUnitsSoldAnHour": 1.8,
    "retail_adjustment": null
  },
  "53": {
    "averagePrice": 3954.721969885061,
    "marketSaturation": 0.937084921931672,
    "building_wages": 379.5,
    "buildingLevelsNeededPerUnitPerHour": 5.123793494690277,
    "modeledProductionCostPerUnit": 1904.6909025403743,
    "modeledStoreWages": 417.45000000000005,
    "modeledUnitsSoldAnHour": 2,
    "retail_adjustment": null
  },
  "54": {
    "averagePrice": 8678.81231353404,
    "marketSaturation": 0.9706818453799668,
    "building_wages": 379.5,
    "buildingLevelsNeededPerUnitPerHour": 9.856176661229098,
    "modeledProductionCostPerUnit": 3605.832810680735,
    "modeledStoreWages": 417.45000000000005,
    "modeledUnitsSoldAnHour": 0.5,
    "retail_adjustment": null
  },
  "55": {
    "averagePrice": 2826.308748456355,
    "marketSaturation": 0.8535881030924614,
    "building_wages": 379.5,
    "buildingLevelsNeededPerUnitPerHour": 3.3248735261637106,
    "modeledProductionCostPerUnit": 1281.6366908936352,
    "modeledStoreWages": 417.45000000000005,
    "modeledUnitsSoldAnHour": 2,
    "retail_adjustment": null
  },
  "56": {
    "averagePrice": 6641.882611528874,
    "marketSaturation": 1.058079556558893,
    "building_wages": 379.5,
    "buildingLevelsNeededPerUnitPerHour": 6.477862160039658,
    "modeledProductionCostPerUnit": 2458.181545372127,
    "modeledStoreWages": 417.45000000000005,
    "modeledUnitsSoldAnHour": 0.5,
    "retail_adjustment": null
  },
  "57": {
    "averagePrice": 6768.314220934038,
    "marketSaturation": 0.6827124477299857,
    "building_wages": 379.5,
    "buildingLevelsNeededPerUnitPerHour": 7.84111242358835,
    "modeledProductionCostPerUnit": 3211.1791352673,
    "modeledStoreWages": 417.45000000000005,
    "modeledUnitsSoldAnHour": 1,
    "retail_adjustment": null
  },
  "60": {
    "averagePrice": 47.18731664113546,
    "marketSaturation": 1.2642904103116832,
    "building_wages": 310.5,
    "buildingLevelsNeededPerUnitPerHour": 0.02245499152722764,
    "modeledProductionCostPerUnit": 3.20508063620196,
    "modeledStoreWages": 341.55,
    "modeledUnitsSoldAnHour": 25,
    "retail_adjustment": 0.9
  },
  "61": {
    "averagePrice": 69.87781332479103,
    "marketSaturation": 1.2367445368419654,
    "building_wages": 310.5,
    "buildingLevelsNeededPerUnitPerHour": 0.0626383706025798,
    "modeledProductionCostPerUnit": 9.625066529647327,
    "modeledStoreWages": 341.55,
    "modeledUnitsSoldAnHour": 20,
    "retail_adjustment": 0.9
  },
  "62": {
    "averagePrice": 46.22035463394268,
    "marketSaturation": 1.1922300124807443,
    "building_wages": 310.5,
    "buildingLevelsNeededPerUnitPerHour": 0.06305384056072663,
    "modeledProductionCostPerUnit": 11.505930577249828,
    "modeledStoreWages": 341.55,
    "modeledUnitsSoldAnHour": 45,
    "retail_adjustment": 0.9
  },
  "63": {
    "averagePrice": 73.4697349047055,
    "marketSaturation": 1.2005388367406016,
    "building_wages": 310.5,
    "buildingLevelsNeededPerUnitPerHour": 0.10806926153357793,
    "modeledProductionCostPerUnit": 17.7634591245862,
    "modeledStoreWages": 341.55,
    "modeledUnitsSoldAnHour": 30,
    "retail_adjustment": 0.9
  },
  "64": {
    "averagePrice": 111.49359765089932,
    "marketSaturation": 1.2185144996556552,
    "building_wages": 310.5,
    "buildingLevelsNeededPerUnitPerHour": 0.15712050087376828,
    "modeledProductionCostPerUnit": 24.466105571887145,
    "modeledStoreWages": 341.55,
    "modeledUnitsSoldAnHour": 20,
    "retail_adjustment": 0.9
  },
  "65": {
    "averagePrice": 43.83570465974049,
    "marketSaturation": 0.980430794853779,