{
  "3": {
    "averagePrice": 8.345713458554304,
    "marketSaturation": 1.389604137076263,
    "building_wages": 138,
    "buildingLevelsNeededPerUnitPerHour": 0.008388553873848029,
    "modeledProductionCostPerUnit": 1.4271146702613828,
    "modeledStoreWages": 151.8,
    "modeledUnitsSoldAnHour": 110,
    "retail_adjustment": null
  },
  "4": {
    "averagePrice": 8.88443629205348,
    "marketSaturation": 1.4830183632367107,
    "building_wages": 138,
    "buildingLevelsNeededPerUnitPerHour": 0.008824079065452907,
    "modeledProductionCostPerUnit": 1.4721915275924875,
    "modeledStoreWages": 151.8,
    "modeledUnitsSoldAnHour": 90,
    "retail_adjustment": null
  },
  "5": {
    "averagePrice": 11.11472369075341,
    "marketSaturation": 1.4965728392393287,
    "building_wages": 138,
    "buildingLevelsNeededPerUnitPerHour": 0.010363820958529389,
    "modeledProductionCostPerUnit": 1.8118449245962616,
    "modeledStoreWages": 151.8,
    "modeledUnitsSoldAnHour": 80,
    "retail_adjustment": null
  },
  "7": {
    "averagePrice": 66.65701377543573,
    "marketSaturation": 1.3854807664264768,
    "building_wages": 138,
    "buildingLevelsNeededPerUnitPerHour": 0.10197912471376516,
    "modeledProductionCostPerUnit": 27.236159609981534,
    "modeledStoreWages": 151.8,
    "modeledUnitsSoldAnHour": 35,
    "retail_adjustment": null
  },
  "8": {
    "averagePrice": 18.319827098298457,
    "marketSaturation": 1.2201761620014244,
    "building_wages": 138,
    "buildingLevelsNeededPerUnitPerHour": 0.023968876657945386,
    "modeledProductionCostPerUnit": 7.373164779734834,
    "modeledStoreWages": 151.8,
    "modeledUnitsSoldAnHour": 110,
    "retail_adjustment": null
  },
  "9": {
    "averagePrice": 3.3746371873668486,
    "marketSaturation": 1.3558516401670533,
    "building_wages": 138,
    "buildingLevelsNeededPerUnitPerHour": 0.004914719179872743,
    "modeledProductionCostPerUnit": 0.7457356032185923,
    "modeledStoreWages": 151.8,
    "modeledUnitsSoldAnHour": 340,
    "retail_adjustment": null
  },
  "11": {
    "averagePrice": 53.03984846001067,
    "marketSaturation": 0.9125859692415267,
    "building_wages": 345,
    "buildingLevelsNeededPerUnitPerHour": 0.06223127164837737,
    "modeledProductionCostPerUnit": 25.346153686717084,
    "modeledStoreWages": 379.5,
    "modeledUnitsSoldAnHour": 103,
    "retail_adjustment": null
  },
  "12": {
    "averagePrice": 52.20206356253407,
    "marketSaturation": 0.931849378451924,
    "building_wages": 345,
    "buildingLevelsNeededPerUnitPerHour": 0.06192421230101806,
    "modeledProductionCostPerUnit": 25.19784402194254,
    "modeledStoreWages": 379.5,
    "modeledUnitsSoldAnHour": 105,
    "retail_adjustment": null
  },
  "24": {
    "averagePrice": 923.4360826271579,
    "marketSaturation": 0.6902454430753278,
    "building_wages": 172.5,
    "buildingLevelsNeededPerUnitPerHour": 0.9196153934721971,
    "modeledProductionCostPerUnit": 344.9494349087166,
    "modeledStoreWages": 189.75,
    "modeledUnitsSoldAnHour": 2,
    "retail_adjustment": null
  },
  "25": {
    "averagePrice": 1526.6601499896437,
    "marketSaturation": 0.9378699862313502,
    "building_wages": 172.5,
    "buildingLevelsNeededPerUnitPerHour": 1.1340163052529166,
    "modeledProductionCostPerUnit": 424.5693713975946,
    "modeledStoreWages": 189.75,
    "modeledUnitsSoldAnHour": 0.8,
    "retail_adjustment": null
  },
  "26": {
    "averagePrice": 1768.6657254384202,
    "marketSaturation": 0.6203938664272172,
    "building_wages": 172.5,
    "buildingLevelsNeededPerUnitPerHour": 1.7670799707597535,
    "modeledProductionCostPerUnit": 668.733955448407,
    "modeledStoreWages": 189.75,
    "modeledUnitsSoldAnHour": 1.2,
    "retail_adjustment": null
  },
  "27": {
    "averagePrice": 870.872044070312,
    "marketSaturation": 0.6446900587069182,
    "building_wages": 172.5,
    "buildingLevelsNeededPerUnitPerHour": 0.8113981185168005,
    "modeledProductionCostPerUnit": 308.4046472015463,
    "modeledStoreWages": 189.75,
    "modeledUnitsSoldAnHour": 2,
    "retail_adjustment": null
  },
  "28": {
    "averagePrice": 1290.0817009102936,
    "marketSaturation": 0.6013693012356197,
    "building_wages": 172.5,
    "buildingLevelsNeededPerUnitPerHour": 1.3778425895816175,
    "modeledProductionCostPerUnit": 525.0973705473355,
    "modeledStoreWages": 189.75,
    "modeledUnitsSoldAnHour": 1.8,
    "retail_adjustment": null
  },
  "53": {
    "averagePrice": 4001.0174026773348,
    "marketSaturation": 0.8442057090469263,
    "building_wages": 379.5,
    "buildingLevelsNeededPerUnitPerHour": 5.123793494690277,
    "modeledProductionCostPerUnit": 1904.6909025403743,
    "modeledStoreWages": 417.45000000000005,
    "modeledUnitsSoldAnHour": 2,
    "retail_adjustment": null
  },
  "54": {
    "averagePrice": 8824.835880377315,
    "marketSaturation": 0.8933239690556092,
    "building_wages": 379.5,
    "buildingLevelsNeededPerUnitPerHour": 9.856176661229098,
    "modeledProductionCostPerUnit": 3605.832810680735,
    "modeledStoreWages": 417.45000000000005,
    "modeledUnitsSoldAnHour": 0.5,
    "retail_adjustment": null
  },
  "55": {
    "averagePrice": 2836.004995561173,
    "marketSaturation": 0.7841822740530481,
    "building_wages": 379.5,
    "buildingLevelsNeededPerUnitPerHour": 3.3248735261637106,
    "modeledProductionCostPerUnit": 1281.6366908936352,
    "modeledStoreWages": 417.45000000000005,
    "modeledUnitsSoldAnHour": 2,
    "retail_adjustment": null
  },
  "56": {
    "averagePrice": 6604.478605195819,
    "marketSaturation": 1.0414116377099232,
    "building_wages": 379.5,
    "buildingLevelsNeededPerUnitPerHour": 6.477862160039658,
    "modeledProductionCostPerUnit": 2458.181545372127,
    "modeledStoreWages": 417.45000000000005,
    "modeledUnitsSoldAnHour": 0.5,
    "retail_adjustment": null
  },
  "57": {
    "averagePrice": 6796.134120359927,
    "marketSaturation": 0.6065085123480656,
    "building_wages": 379.5,
    "buildingLevelsNeededPerUnitPerHour": 7.84111242358835,
    "modeledProductionCostPerUnit": 3211.1791352673,
    "modeledStoreWages": 417.45000000000005,
    "modeledUnitsSoldAnHour": 1,
    "retail_adjustment": null
  },
  "60": {
    "averagePrice": 48.625686430123885,
    "marketSaturation": 1.5096273941657565,
    "building_wages": 310.5,
    "buildingLevelsNeededPerUnitPerHour": 0.02245499152722764,
    "modeledProductionCostPerUnit": 3.20508063620196,
    "modeledStoreWages": 341.55,
    "modeledUnitsSoldAnHour": 25,
    "retail_adjustment": 0.9
  },
  "61": {
    "averagePrice": 71.07713155306782,
    "marketSaturation": 1.2592969504328506,
    "building_wages": 310.5,
    "buildingLevelsNeededPerUnitPerHour": 0.0626383706025798,
    "modeledProductionCostPerUnit": 9.625066529647327,
    "modeledStoreWages": 341.55,
    "modeledUnitsSoldAnHour": 20,
    "retail_adjustment": 0.9
  },
  "62": {
    "averagePrice": 44.548501901481494,
    "marketSaturation": 1.161189688088319,
    "building_wages": 310.5,
    "buildingLevelsNeededPerUnitPerHour": 0.06305384056072663,
    "modeledProductionCostPerUnit": 11.505930577249828,
    "modeledStoreWages": 341.55,
    "modeledUnitsSoldAnHour": 45,
    "retail_adjustment": 0.9
  },
  "63": {
    "averagePrice": 72.96693542244199,
    "marketSaturation": 1.178086360232103,
    "building_wages": 310.5,
    "buildingLevelsNeededPerUnitPerHour": 0.10806926153357793,
    "modeledProductionCostPerUnit": 17.7634591245862,
    "modeledStoreWages": 341.55,
    "modeledUnitsSoldAnHour": 30,
    "retail_adjustment": 0.9
  },
  "64": {
    "averagePrice": 109.45541176671856,
    "marketSaturation": 1.2584986243764265,
    "building_wages": 310.5,
    "buildingLevelsNeededPerUnitPerHour": 0.15712050087376828,
    "modeledProductionCostPerUnit": 24.466105571887145,
    "modeledStoreWages": 341.55,
    "modeledUnitsSoldAnHour": 20,
    "retail_adjustment": 0.9
  },
  "65": {
    "averagePrice": 43.350099317318204,
    "marketSaturation": 1.001131249095146,