{
  "3": {
    "averagePrice": 8.403114219331592,
    "marketSaturation": 1.3508573580013223,
    "building_wages": 0,
    "buildingLevelsNeededPerUnitPerHour": 0.008388553873848029,
    "modeledProductionCostPerUnit": 1.4271146702613828,
    "modeledStoreWages": 151.8,
    "modeledUnitsSoldAnHour": 110,
    "retail_adjustment": null
  },
  "4": {
    "averagePrice": 9.404643339092582,
    "marketSaturation": 1.3956234574757083,
    "building_wages": 0,
    "buildingLevelsNeededPerUnitPerHour": 0.008824079065452907,
    "modeledProductionCostPerUnit": 1.4721915275924875,
    "modeledStoreWages": 151.8,
    "modeledUnitsSoldAnHour": 90,
    "retail_adjustment": null
  },
  "5": {
    "averagePrice": 11.253146550863137,
    "marketSaturation": 1.4228309645401531,
    "building_wages": 0,
    "buildingLevelsNeededPerUnitPerHour": 0.010363820958529389,
    "modeledProductionCostPerUnit": 1.8118449245962616,
    "modeledStoreWages": 151.8,
    "modeledUnitsSoldAnHour": 80,
    "retail_adjustment": null
  },
  "7": {
    "averagePrice": 67.47990801600747,
    "marketSaturation": 1.3387428317531411,
    "building_wages": 0,
    "buildingLevelsNeededPerUnitPerHour": 0.10197912471376516,
    "modeledProductionCostPerUnit": 27.236159609981534,
    "modeledStoreWages": 151.8,
    "modeledUnitsSoldAnHour": 35,
    "retail_adjustment": null
  },
  "8": {
    "averagePrice": 18.133247363701653,
    "marketSaturation": 1.2241140286539016,
    "building_wages": 0,
    "buildingLevelsNeededPerUnitPerHour": 0.023968876657945386,
    "modeledProductionCostPerUnit": 7.373164779734834,
    "modeledStoreWages": 151.8,
    "modeledUnitsSoldAnHour": 110,
    "retail_adjustment": null
  },
  "9": {
    "averagePrice": 3.4328127196683407,
    "marketSaturation": 1.310208289881569,
    "building_wages": 0,
    "buildingLevelsNeededPerUnitPerHour": 0.004914719179872743,
    "modeledProductionCostPerUnit": 0.7457356032185923,
    "modeledStoreWages": 151.8,
    "modeledUnitsSoldAnHour": 340,
    "retail_adjustment": null
  },
  "11": {
    "averagePrice": 52.617518529620185,
    "marketSaturation": 0.9290819539985542,
    "building_wages": 0,
    "buildingLevelsNeededPerUnitPerHour": 0.06223127164837737,
    "modeledProductionCostPerUnit": 25.346153686717084,
    "modeledStoreWages": 379.5,
    "modeledUnitsSoldAnHour": 103,
    "retail_adjustment": null
  },
  "12": {
    "averagePrice": 52.006569408754714,
    "marketSaturation": 0.9385851909283648,
    "building_wages": 0,
    "buildingLevelsNeededPerUnitPerHour": 0.06192421230101806,
    "modeledProductionCostPerUnit": 25.19784402194254,
    "modeledStoreWages": 379.5,
    "modeledUnitsSoldAnHour": 105,
    "retail_adjustment": null
  },
  "24": {
    "averagePrice": 919.6475740591017,
    "marketSaturation": 0.6920553785591579,
    "building_wages": 0,
    "buildingLevelsNeededPerUnitPerHour": 0.9196153934721971,
    "modeledProductionCostPerUnit": 344.9494349087166,
    "modeledStoreWages": 189.75,
    "modeledUnitsSoldAnHour": 2,
    "retail_adjustment": null
  },
  "25": {
    "averagePrice": 1529.5576815720358,
    "marketSaturation": 0.9244366671848679,
    "building_wages": 0,
    "buildingLevelsNeededPerUnitPerHour": 1.1340163052529166,
    "modeledProductionCostPerUnit": 424.5693713975946,
    "modeledStoreWages": 189.75,
    "modeledUnitsSoldAnHour": 0.8,
    "retail_adjustment": null
  },
  "26": {
    "averagePrice": 1752.225821349144,
    "marketSaturation": 0.6241237257659744,
    "building_wages": 0,
    "buildingLevelsNeededPerUnitPerHour": 1.7670799707597535,
    "modeledProductionCostPerUnit": 668.733955448407,
    "modeledStoreWages": 189.75,
    "modeledUnitsSoldAnHour": 1.2,
    "retail_adjustment": null
  },
  "27": {
    "averagePrice": 866.666477619222,
    "marketSaturation": 0.6699587266600693,
    "building_wages": 0,
    "buildingLevelsNeededPerUnitPerHour": 0.8113981185168005,
    "modeledProductionCostPerUnit": 308.4046472015463,
    "modeledStoreWages": 189.75,
    "modeledUnitsSoldAnHour": 2,
    "retail_adjustment": null
  },
  "28": {
    "averagePrice": 1295.9638847191636,
    "marketSaturation": 0.5995463846899102,
    "building_wages": 0,
    "buildingLevelsNeededPerUnitPerHour": 1.3778425895816175,
    "modeledProductionCostPerUnit": 525.0973705473355,
    "modeledStoreWages": 189.75,
    "modeledUnitsSoldAnHour": 1.8,
    "retail_adjustment": null
  },
  "53": {
    "averagePrice": 3962.225889088351,
    "marketSaturation": 0.8731308887857817,
    "building_wages": 0,
    "buildingLevelsNeededPerUnitPerHour": 5.123793494690277,
    "modeledProductionCostPerUnit": 1904.6909025403743,
    "modeledStoreWages": 417.45000000000005,
    "modeledUnitsSoldAnHour": 2,
    "retail_adjustment": null
  },
  "54": {
    "averagePrice": 8749.931530394673,
    "marketSaturation": 0.9087910881104158,
    "building_wages": 0,
    "buildingLevelsNeededPerUnitPerHour": 9.856176661229098,
    "modeledProductionCostPerUnit": 3605.832810680735,
    "modeledStoreWages": 417.45000000000005,
    "modeledUnitsSoldAnHour": 0.5,
    "retail_adjustment": null
  },
  "55": {
    "averagePrice": 2798.3131131388423,
    "marketSaturation": 0.8028210773052719,
    "building_wages": 0,
    "buildingLevelsNeededPerUnitPerHour": 3.3248735261637106,
    "modeledProductionCostPerUnit": 1281.6366908936352,
    "modeledStoreWages": 417.45000000000005,
    "modeledUnitsSoldAnHour": 2,
    "retail_adjustment": null
  },
  "56": {
    "averagePrice": 6618.446338970879,
    "marketSaturation": 1.0434583392247565,
    "building_wages": 0,
    "buildingLevelsNeededPerUnitPerHour": 6.477862160039658,
    "modeledProductionCostPerUnit": 2458.181545372127,
    "modeledStoreWages": 417.45000000000005,
    "modeledUnitsSoldAnHour": 0.5,
    "retail_adjustment": null
  },
  "57": {
    "averagePrice": 6747.851897435898,
    "marketSaturation": 0.6316019796606234,
    "building_wages": 0,
    "buildingLevelsNeededPerUnitPerHour": 7.84111242358835,
    "modeledProductionCostPerUnit": 3211.1791352673,
    "modeledStoreWages": 417.45000000000005,
    "modeledUnitsSoldAnHour": 1,
    "retail_adjustment": null
  },
  "60": {
    "averagePrice": 47.483448633930024,
    "marketSaturation": 1.4229484618188557,
    "building_wages": 0,
    "buildingLevelsNeededPerUnitPerHour": 0.02245499152722764,
    "modeledProductionCostPerUnit": 3.20508063620196,
    "modeledStoreWages": 341.55,
    "modeledUnitsSoldAnHour": 25,
    "retail_adjustment": null
  },
  "61": {
    "averagePrice": 71.85581770842025,
    "marketSaturation": 1.2474215434062075,
    "building_wages": 0,
    "buildingLevelsNeededPerUnitPerHour": 0.0626383706025798,
    "modeledProductionCostPerUnit": 9.625066529647327,
    "modeledStoreWages": 341.55,
    "modeledUnitsSoldAnHour": 20,
    "retail_adjustment": null
  },
  "62": {
    "averagePrice": 44.56617324305535,
    "marketSaturation": 1.1642123488907345,
    "building_wages": 0,
    "buildingLevelsNeededPerUnitPerHour": 0.06305384056072663,
    "modeledProductionCostPerUnit": 11.505930577249828,
    "modeledStoreWages": 341.55,
    "modeledUnitsSoldAnHour": 45,
    "retail_adjustment": null
  },
  "63": {
    "averagePrice": 73.3624549418515,
    "marketSaturation": 1.1502896076832791,
    "building_wages": 0,
    "buildingLevelsNeededPerUnitPerHour": 0.10806926153357793,
    "modeledProductionCostPerUnit": 17.7634591245862,
    "modeledStoreWages": 341.55,
    "modeledUnitsSoldAnHour": 30,
    "retail_adjustment": null
  },
  "64": {
    "averagePrice": 108.93446949027071,
    "marketSaturation": 1.2702115566306205,
    "building_wages": 0,
    "buildingLevelsNeededPerUnitPerHour": 0.15712050087376828,
    "modeledProductionCostPerUnit": 24.466105571887145,
    "modeledStoreWages": 341.55,
    "modeledUnitsSoldAnHour": 20,
    "retail_adjustment": null
  },
  "65": {
    "averagePrice": 43.62379116331804,
    "marketSaturation": 0.9843614460579727,
    "building_wages": 0,