{
  "3": {
    "averagePrice": 7.068000507961706,
    "marketSaturation": 1.2,
    "building_wages": 138,
    "buildingLevelsNeededPerHour": 0.008388553873848029,
    "modeledProductionCostPerUnit": 1.4271146702613828,
    "modeledStoreWages": 151.8,
    "modeledUnitsSoldAnHour": 110
  },
  "4": {
    "averagePrice": 8.084119540118644,
    "marketSaturation": 1.2,
    "building_wages": 138,
    "buildingLevelsNeededPerHour": 0.008824079065452907,
    "modeledProductionCostPerUnit": 1.4721915275924875,
    "modeledStoreWages": 151.8,
    "modeledUnitsSoldAnHour": 90
  },
  "5": {
    "averagePrice": 9.350359726548396,
    "marketSaturation": 1.2,
    "building_wages": 138,
    "buildingLevelsNeededPerHour": 0.010363820958529389,
    "modeledProductionCostPerUnit": 1.8118449245962616,
    "modeledStoreWages": 151.8,
    "modeledUnitsSoldAnHour": 80
  },
  "7": {
    "averagePrice": 58.374720304909275,
    "marketSaturation": 1.2,
    "building_wages": 138,
    "buildingLevelsNeededPerHour": 0.10197912471376516,
    "modeledProductionCostPerUnit": 27.236159609981534,
    "modeledStoreWages": 151.8,
    "modeledUnitsSoldAnHour": 35
  },
  "8": {
    "averagePrice": 15.503833291004092,
    "marketSaturation": 1.2,
    "building_wages": 138,
    "buildingLevelsNeededPerHour": 0.023968876657945386,
    "modeledProductionCostPerUnit": 7.373164779734834,
    "modeledStoreWages": 151.8,
    "modeledUnitsSoldAnHour": 110
  },
  "9": {
    "averagePrice": 3.0213389726966735,
    "marketSaturation": 1.2,
    "building_wages": 138,
    "buildingLevelsNeededPerHour": 0.004914719179872743,
    "modeledProductionCostPerUnit": 0.7457356032185923,
    "modeledStoreWages": 151.8,
    "modeledUnitsSoldAnHour": 340
  },
  "11": {
    "averagePrice": 43.16740740837284,
    "marketSaturation": 0.9956438363519011,
    "building_wages": 345,
    "buildingLevelsNeededPerHour": 0.06223127164837737,
    "modeledProductionCostPerUnit": 25.346153686717084,
    "modeledStoreWages": 379.5,
    "modeledUnitsSoldAnHour": 103
  },
  "12": {
    "averagePrice": 42.902180978186294,
    "marketSaturation": 1.0103731658127426,
    "building_wages": 345,
    "buildingLevelsNeededPerHour": 0.06192421230101806,
    "modeledProductionCostPerUnit": 25.19784402194254,
    "modeledStoreWages": 379.5,
    "modeledUnitsSoldAnHour": 105
  },
  "24": {
    "averagePrice": 750.2832646644865,
    "marketSaturation": 0.6904830028333978,
    "building_wages": 172.5,
    "buildingLevelsNeededPerHour": 0.9196153934721971,
    "modeledProductionCostPerUnit": 344.9494349087166,
    "modeledStoreWages": 189.75,
    "modeledUnitsSoldAnHour": 2
  },
  "25": {
    "averagePrice": 1290.1414970972032,
    "marketSaturation": 0.9218267265910426,
    "building_wages": 172.5,
    "buildingLevelsNeededPerHour": 1.1340163052529166,
    "modeledProductionCostPerUnit": 424.5693713975946,
    "modeledStoreWages": 189.75,
    "modeledUnitsSoldAnHour": 0.8
  },
  "26": {
    "averagePrice": 1363.9226463950574,
    "marketSaturation": 0.6417018833677465,
    "building_wages": 172.5,
    "buildingLevelsNeededPerHour": 1.7670799707597535,
    "modeledProductionCostPerUnit": 668.733955448407,
    "modeledStoreWages": 189.75,
    "modeledUnitsSoldAnHour": 1.2
  },
  "27": {
    "averagePrice": 701.8070442063372,
    "marketSaturation": 0.7109853913094883,
    "building_wages": 172.5,
    "buildingLevelsNeededPerHour": 0.8113981185168005,
    "modeledProductionCostPerUnit": 308.4046472015463,
    "modeledStoreWages": 189.75,
    "modeledUnitsSoldAnHour": 2
  },
  "28": {
    "averagePrice": 1009.8349333597448,
    "marketSaturation": 0.6173550987552838,
    "building_wages": 172.5,
    "buildingLevelsNeededPerHour": 1.3778425895816175,
    "modeledProductionCostPerUnit": 525.0973705473355,
    "modeledStoreWages": 189.75,
    "modeledUnitsSoldAnHour": 1.8
  },
  "53": {
    "averagePrice": 3173.93118700153,
    "marketSaturation": 0.9885640899177305,
    "building_wages": 379.5,
    "buildingLevelsNeededPerHour": 5.123793494690277,
    "modeledProductionCostPerUnit": 1904.6909025403743,
    "modeledStoreWages": 417.45000000000005,
    "modeledUnitsSoldAnHour": 2
  },
  "54": {
    "averagePrice": 7087.20564580598,
    "marketSaturation": 1.00967183128978,
    "building_wages": 379.5,
    "buildingLevelsNeededPerHour": 9.856176661229098,
    "modeledProductionCostPerUnit": 3605.832810680735,
    "modeledStoreWages": 417.45000000000005,
    "modeledUnitsSoldAnHour": 0.5
  },
  "55": {
    "averagePrice": 2264.420664069111,
    "marketSaturation": 0.8982624894236315,
    "building_wages": 379.5,
    "buildingLevelsNeededPerHour": 3.3248735261637106,
    "modeledProductionCostPerUnit": 1281.6366908936352,
    "modeledStoreWages": 417.45000000000005,
    "modeledUnitsSoldAnHour": 2
  },
  "56": {
    "averagePrice": 5428.662219851605,
    "marketSaturation": 1.0691603108390815,
    "building_wages": 379.5,
    "buildingLevelsNeededPerHour": 6.477862160039658,
    "modeledProductionCostPerUnit": 2458.181545372127,
    "modeledStoreWages": 417.45000000000005,
    "modeledUnitsSoldAnHour": 0.5
  },
  "57": {
    "averagePrice": 5250.822773651236,
    "marketSaturation": 0.704059128072698,
    "building_wages": 379.5,
    "buildingLevelsNeededPerHour": 7.84111242358835,
    "modeledProductionCostPerUnit": 3211.1791352673,
    "modeledStoreWages": 417.45000000000005,
    "modeledUnitsSoldAnHour": 1
  },
  "60": {
    "averagePrice": 36.978618671357715,
    "marketSaturation": 1.2,
    "building_wages": 310.5,
    "buildingLevelsNeededPerHour": 0.02245499152722764,
    "modeledProductionCostPerUnit": 3.20508063620196,
    "modeledStoreWages": 341.55,
    "modeledUnitsSoldAnHour": 25
  },
  "61": {
    "averagePrice": 58.15979866713005,
    "marketSaturation": 1.2,
    "building_wages": 310.5,
    "buildingLevelsNeededPerHour": 0.0626383706025798,
    "modeledProductionCostPerUnit": 9.625066529647327,
    "modeledStoreWages": 341.55,
    "modeledUnitsSoldAnHour": 20
  },
  "62": {
    "averagePrice": 39.10016578552171,
    "marketSaturation": 1.199469458888442,
    "building_wages": 310.5,
    "buildingLevelsNeededPerHour": 0.06305384056072663,
    "modeledProductionCostPerUnit": 11.505930577249828,
    "modeledStoreWages": 341.55,
    "modeledUnitsSoldAnHour": 45
  },
  "63": {
    "averagePrice": 61.90296050483535,
    "marketSaturation": 1.2,
    "building_wages": 310.5,
    "buildingLevelsNeededPerHour": 0.10806926153357793,
    "modeledProductionCostPerUnit": 17.7634591245862,
    "modeledStoreWages": 341.55,
    "modeledUnitsSoldAnHour": 30
  },
  "64": {
    "averagePrice": 88.98254256495835,
    "marketSaturation": 1.2,
    "building_wages": 310.5,
    "buildingLevelsNeededPerHour": 0.15712050087376828,
    "modeledProductionCostPerUnit": 24.466105571887145,
    "modeledStoreWages": 341.55,
    "modeledUnitsSoldAnHour": 20
  },
  "65": {
    "averagePrice": 38.64183408148248,
    "marketSaturation": 0.983889532062456,
    "building_wages": 310.5,
    "buildingLevelsNeededPerHour": 0.020556591346970122,
    "modeledProductionCostPerUnit": 7.808059932953702,
    "modeledStoreWages": 341.55,
    "modeledUnitsSoldAnHour": 30
  },
  "67": {
    "averagePrice": 9.971925341348394,
    "marketSaturation": 0.2756832280505453,
    "building_wages": 241.5,
    "buildingLevelsNeededPerHour": 0.01781665160877151,
    "modeledProductionCostPerUnit": 6.802184398114884,
    "modeledStoreWages": 265.65,
    "modeledUnitsSoldAnHour": 400
  },
  "70": {
    "averagePrice": 919.3819986765589,
    "marketSaturation": 1.0688115959299813,
    "building_wages": 310.5,
    "buildingLevelsNeededPerHour": 1.3101342250071595,
    "modeledProductionCostPerUnit": 465.85586655742173,
    "modeledStoreWages": 341.55,
    "modeledUnitsSoldAnHour": 3
  },
  "71": {
    "averagePrice": 1787.8810156861086,
    "marketSaturation": 1.2,
    "building_wages": 310.5,
    "buildingLevelsNeededPerHour": 2.727721277481791,