{
  "3": {
    "averagePrice": 8.462354810809167,
    "marketSaturation": 1.2837500591297428,
    "building_wages": 138,
    "buildingLevelsNeededPerUnitPerHour": 0.008388553873848029,
    "modeledProductionCostPerUnit": 1.4271146702613828,
    "modeledStoreWages": 151.8,
    "modeledUnitsSoldAnHour": 110,
    "retail_adjustment": null
  },
  "4": {
    "averagePrice": 9.634407410050269,
    "marketSaturation": 1.2985640417377216,
    "building_wages": 138,
    "buildingLevelsNeededPerUnitPerHour": 0.008824079065452907,
    "modeledProductionCostPerUnit": 1.4721915275924875,
    "modeledStoreWages": 151.8,
    "modeledUnitsSoldAnHour": 90,
    "retail_adjustment": null
  },
  "5": {
    "averagePrice": 11.342718881633596,
    "marketSaturation": 1.3093484178318746,
    "building_wages": 138,
    "buildingLevelsNeededPerUnitPerHour": 0.010363820958529389,
    "modeledProductionCostPerUnit": 1.8118449245962616,
    "modeledStoreWages": 151.8,
    "modeledUnitsSoldAnHour": 80,
    "retail_adjustment": null
  },
  "7": {
    "averagePrice": 68.1723538015546,
    "marketSaturation": 1.2785613557342042,
    "building_wages": 138,
    "buildingLevelsNeededPerUnitPerHour": 0.10197912471376516,
    "modeledProductionCostPerUnit": 27.236159609981534,
    "modeledStoreWages": 151.8,
    "modeledUnitsSoldAnHour": 35,
    "retail_adjustment": null
  },
  "8": {
    "averagePrice": 18.05859582103787,
    "marketSaturation": 1.2222534907275644,
    "building_wages": 138,
    "buildingLevelsNeededPerUnitPerHour": 0.023968876657945386,
    "modeledProductionCostPerUnit": 7.373164779734834,
    "modeledStoreWages": 151.8,
    "modeledUnitsSoldAnHour": 110,
    "retail_adjustment": null
  },
  "9": {
    "averagePrice": 3.521042707348401,
    "marketSaturation": 1.2524388921683312,
    "building_wages": 138,
    "buildingLevelsNeededPerUnitPerHour": 0.004914719179872743,
    "modeledProductionCostPerUnit": 0.7457356032185923,
    "modeledStoreWages": 151.8,
    "modeledUnitsSoldAnHour": 340,
    "retail_adjustment": null
  },
  "11": {
    "averagePrice": 52.55007328278586,
    "marketSaturation": 0.9580793559138848,
    "building_wages": 345,
    "buildingLevelsNeededPerUnitPerHour": 0.06223127164837737,
    "modeledProductionCostPerUnit": 25.346153686717084,
    "modeledStoreWages": 379.5,
    "modeledUnitsSoldAnHour": 103,
    "retail_adjustment": null
  },
  "12": {
    "averagePrice": 51.991775794746445,
    "marketSaturation": 0.9676534511134853,
    "building_wages": 345,
    "buildingLevelsNeededPerUnitPerHour": 0.06192421230101806,
    "modeledProductionCostPerUnit": 25.19784402194254,
    "modeledStoreWages": 379.5,
    "modeledUnitsSoldAnHour": 105,
    "retail_adjustment": null
  },
  "24": {
    "averagePrice": 920.1519696637828,
    "marketSaturation": 0.6962422751136306,
    "building_wages": 172.5,
    "buildingLevelsNeededPerUnitPerHour": 0.9196153934721971,
    "modeledProductionCostPerUnit": 344.9494349087166,
    "modeledStoreWages": 189.75,
    "modeledUnitsSoldAnHour": 2,
    "retail_adjustment": null
  },
  "25": {
    "averagePrice": 1545.5729198367037,
    "marketSaturation": 0.9215872267602273,
    "building_wages": 172.5,
    "buildingLevelsNeededPerUnitPerHour": 1.1340163052529166,
    "modeledProductionCostPerUnit": 424.5693713975946,
    "modeledStoreWages": 189.75,
    "modeledUnitsSoldAnHour": 0.8,
    "retail_adjustment": null
  },
  "26": {
    "averagePrice": 1766.5057074530293,
    "marketSaturation": 0.6317441968475419,
    "building_wages": 172.5,
    "buildingLevelsNeededPerUnitPerHour": 1.7670799707597535,
    "modeledProductionCostPerUnit": 668.733955448407,
    "modeledStoreWages": 189.75,
    "modeledUnitsSoldAnHour": 1.2,
    "retail_adjustment": null
  },
  "27": {
    "averagePrice": 870.0823067057015,
    "marketSaturation": 0.697530267352311,
    "building_wages": 172.5,
    "buildingLevelsNeededPerUnitPerHour": 0.8113981185168005,
    "modeledProductionCostPerUnit": 308.4046472015463,
    "modeledStoreWages": 189.75,
    "modeledUnitsSoldAnHour": 2,
    "retail_adjustment": null
  },
  "28": {
    "averagePrice": 1308.0149705330762,
    "marketSaturation": 0.5960714973614413,
    "building_wages": 172.5,
    "buildingLevelsNeededPerUnitPerHour": 1.3778425895816175,
    "modeledProductionCostPerUnit": 525.0973705473355,
    "modeledStoreWages": 189.75,
    "modeledUnitsSoldAnHour": 1.8,
    "retail_adjustment": null
  },
  "53": {
    "averagePrice": 3957.625979658116,
    "marketSaturation": 0.9227384166595379,
    "building_wages": 379.5,
    "buildingLevelsNeededPerUnitPerHour": 5.123793494690277,
    "modeledProductionCostPerUnit": 1904.6909025403743,
    "modeledStoreWages": 417.45000000000005,
    "modeledUnitsSoldAnHour": 2,
    "retail_adjustment": null
  },
  "54": {
    "averagePrice": 8724.643706478804,
    "marketSaturation": 0.9556004982845622,
    "building_wages": 379.5,
    "buildingLevelsNeededPerUnitPerHour": 9.856176661229098,
    "modeledProductionCostPerUnit": 3605.832810680735,
    "modeledStoreWages": 417.45000000000005,
    "modeledUnitsSoldAnHour": 0.5,
    "retail_adjustment": null
  },
  "55": {
    "averagePrice": 2819.7062668983413,
    "marketSaturation": 0.8375222108400503,
    "building_wages": 379.5,
    "buildingLevelsNeededPerUnitPerHour": 3.3248735261637106,
    "modeledProductionCostPerUnit": 1281.6366908936352,
    "modeledStoreWages": 417.45000000000005,
    "modeledUnitsSoldAnHour": 2,
    "retail_adjustment": null
  },
  "56": {
    "averagePrice": 6635.378360497353,
    "marketSaturation": 1.0511540161292365,
    "building_wages": 379.5,
    "buildingLevelsNeededPerUnitPerHour": 6.477862160039658,
    "modeledProductionCostPerUnit": 2458.181545372127,
    "modeledStoreWages": 417.45000000000005,
    "modeledUnitsSoldAnHour": 0.5,
    "retail_adjustment": null
  },
  "57": {
    "averagePrice": 6741.058171809764,
    "marketSaturation": 0.6700147158234872,
    "building_wages": 379.5,
    "buildingLevelsNeededPerUnitPerHour": 7.84111242358835,
    "modeledProductionCostPerUnit": 3211.1791352673,
    "modeledStoreWages": 417.45000000000005,
    "modeledUnitsSoldAnHour": 1,
    "retail_adjustment": null
  },
  "60": {
    "averagePrice": 47.333422619684605,
    "marketSaturation": 1.2999940924765117,
    "building_wages": 310.5,
    "buildingLevelsNeededPerUnitPerHour": 0.02245499152722764,
    "modeledProductionCostPerUnit": 3.20508063620196,
    "modeledStoreWages": 341.55,
    "modeledUnitsSoldAnHour": 25,
    "retail_adjustment": 0.9
  },
  "61": {
    "averagePrice": 70.41988913173533,
    "marketSaturation": 1.2431777152487964,
    "building_wages": 310.5,
    "buildingLevelsNeededPerUnitPerHour": 0.0626383706025798,
    "modeledProductionCostPerUnit": 9.625066529647327,
    "modeledStoreWages": 341.55,
    "modeledUnitsSoldAnHour": 20,
    "retail_adjustment": 0.9
  },
  "62": {
    "averagePrice": 45.91753034612891,
    "marketSaturation": 1.191923436136754,
    "building_wages": 310.5,
    "buildingLevelsNeededPerUnitPerHour": 0.06305384056072663,
    "modeledProductionCostPerUnit": 11.505930577249828,
    "modeledStoreWages": 341.55,
    "modeledUnitsSoldAnHour": 45,
    "retail_adjustment": 0.9
  },
  "63": {
    "averagePrice": 73.40250204689451,
    "marketSaturation": 1.1886481967380382,
    "building_wages": 310.5,
    "buildingLevelsNeededPerUnitPerHour": 0.10806926153357793,
    "modeledProductionCostPerUnit": 17.7634591245862,
    "modeledStoreWages": 341.55,
    "modeledUnitsSoldAnHour": 30,
    "retail_adjustment": 0.9
  },
  "64": {
    "averagePrice": 108.02576758504337,
    "marketSaturation": 1.2370907249329925,
    "building_wages": 310.5,
    "buildingLevelsNeededPerUnitPerHour": 0.15712050087376828,
    "modeledProductionCostPerUnit": 24.466105571887145,
    "modeledStoreWages": 341.55,
    "modeledUnitsSoldAnHour": 20,
    "retail_adjustment": 0.9
  },
  "65": {
    "averagePrice": 43.96481001408305,
    "marketSaturation": 0.9827867437922861,