{
  "3": {
    "averagePrice": 8.45600910981458,
    "marketSaturation": 1.324005873516923,
    "building_wages": 138,
    "buildingLevelsNeededPerUnitPerHour": 0.008388553873848029,
    "modeledProductionCostPerUnit": 1.4271146702613828,
    "modeledStoreWages": 151.8,
    "modeledUnitsSoldAnHour": 110,
    "retail_adjustment": null
  },
  "4": {
    "averagePrice": 9.014039868436647,
    "marketSaturation": 1.352793742869024,
    "building_wages": 138,
    "buildingLevelsNeededPerUnitPerHour": 0.008824079065452907,
    "modeledProductionCostPerUnit": 1.4721915275924875,
    "modeledStoreWages": 151.8,
    "modeledUnitsSoldAnHour": 90,
    "retail_adjustment": null
  },
  "5": {
    "averagePrice": 11.33674098222229,
    "marketSaturation": 1.372838616859605,
    "building_wages": 138,
    "buildingLevelsNeededPerUnitPerHour": 0.010363820958529389,
    "modeledProductionCostPerUnit": 1.8118449245962616,
    "modeledStoreWages": 151.8,
    "modeledUnitsSoldAnHour": 80,
    "retail_adjustment": null
  },
  "7": {
    "averagePrice": 67.9627748517829,
    "marketSaturation": 1.3068256621823042,
    "building_wages": 138,
    "buildingLevelsNeededPerUnitPerHour": 0.10197912471376516,
    "modeledProductionCostPerUnit": 27.236159609981534,
    "modeledStoreWages": 151.8,
    "modeledUnitsSoldAnHour": 35,
    "retail_adjustment": null
  },
  "8": {
    "averagePrice": 18.037905354532207,
    "marketSaturation": 1.2210558073830564,
    "building_wages": 138,
    "buildingLevelsNeededPerUnitPerHour": 0.023968876657945386,
    "modeledProductionCostPerUnit": 7.373164779734834,
    "modeledStoreWages": 151.8,
    "modeledUnitsSoldAnHour": 110,
    "retail_adjustment": null
  },
  "9": {
    "averagePrice": 3.482344995267918,
    "marketSaturation": 1.2969258403094677,
    "building_wages": 138,
    "buildingLevelsNeededPerUnitPerHour": 0.004914719179872743,
    "modeledProductionCostPerUnit": 0.7457356032185923,
    "modeledStoreWages": 151.8,
    "modeledUnitsSoldAnHour": 340,
    "retail_adjustment": null
  },
  "11": {
    "averagePrice": 52.46678738424829,
    "marketSaturation": 0.9413480381589369,
    "building_wages": 345,
    "buildingLevelsNeededPerUnitPerHour": 0.06223127164837737,
    "modeledProductionCostPerUnit": 25.346153686717084,
    "modeledStoreWages": 379.5,
    "modeledUnitsSoldAnHour": 103,
    "retail_adjustment": null
  },
  "12": {
    "averagePrice": 52.071791887493944,
    "marketSaturation": 0.9532892274570376,
    "building_wages": 345,
    "buildingLevelsNeededPerUnitPerHour": 0.06192421230101806,
    "modeledProductionCostPerUnit": 25.19784402194254,
    "modeledStoreWages": 379.5,
    "modeledUnitsSoldAnHour": 105,
    "retail_adjustment": null
  },
  "24": {
    "averagePrice": 910.6492077591827,
    "marketSaturation": 0.6970452542281573,
    "building_wages": 172.5,
    "buildingLevelsNeededPerUnitPerHour": 0.9196153934721971,
    "modeledProductionCostPerUnit": 344.9494349087166,
    "modeledStoreWages": 189.75,
    "modeledUnitsSoldAnHour": 2,
    "retail_adjustment": null
  },
  "25": {
    "averagePrice": 1541.6402007676666,
    "marketSaturation": 0.9255400433999661,
    "building_wages": 172.5,
    "buildingLevelsNeededPerUnitPerHour": 1.1340163052529166,
    "modeledProductionCostPerUnit": 424.5693713975946,
    "modeledStoreWages": 189.75,
    "modeledUnitsSoldAnHour": 0.8,
    "retail_adjustment": null
  },
  "26": {
    "averagePrice": 1758.0695652692257,
    "marketSaturation": 0.6252982011538374,
    "building_wages": 172.5,
    "buildingLevelsNeededPerUnitPerHour": 1.7670799707597535,
    "modeledProductionCostPerUnit": 668.733955448407,
    "modeledStoreWages": 189.75,
    "modeledUnitsSoldAnHour": 1.2,
    "retail_adjustment": null
  },
  "27": {
    "averagePrice": 866.033250538345,
    "marketSaturation": 0.6875970845548699,
    "building_wages": 172.5,
    "buildingLevelsNeededPerUnitPerHour": 0.8113981185168005,
    "modeledProductionCostPerUnit": 308.4046472015463,
    "modeledStoreWages": 189.75,
    "modeledUnitsSoldAnHour": 2,
    "retail_adjustment": null
  },
  "28": {
    "averagePrice": 1295.2102854799996,
    "marketSaturation": 0.5948174190522559,
    "building_wages": 172.5,
    "buildingLevelsNeededPerUnitPerHour": 1.3778425895816175,
    "modeledProductionCostPerUnit": 525.0973705473355,
    "modeledStoreWages": 189.75,
    "modeledUnitsSoldAnHour": 1.8,
    "retail_adjustment": null
  },
  "53": {
    "averagePrice": 3963.556127746169,
    "marketSaturation": 0.892561274596169,
    "building_wages": 379.5,
    "buildingLevelsNeededPerUnitPerHour": 5.123793494690277,
    "modeledProductionCostPerUnit": 1904.6909025403743,
    "modeledStoreWages": 417.45000000000005,
    "modeledUnitsSoldAnHour": 2,
    "retail_adjustment": null
  },
  "54": {
    "averagePrice": 8751.747988513182,
    "marketSaturation": 0.9238828343061288,
    "building_wages": 379.5,
    "buildingLevelsNeededPerUnitPerHour": 9.856176661229098,
    "modeledProductionCostPerUnit": 3605.832810680735,
    "modeledStoreWages": 417.45000000000005,
    "modeledUnitsSoldAnHour": 0.5,
    "retail_adjustment": null
  },
  "55": {
    "averagePrice": 2805.2190390809706,
    "marketSaturation": 0.8129768309968395,
    "building_wages": 379.5,
    "buildingLevelsNeededPerUnitPerHour": 3.3248735261637106,
    "modeledProductionCostPerUnit": 1281.6366908936352,
    "modeledStoreWages": 417.45000000000005,
    "modeledUnitsSoldAnHour": 2,
    "retail_adjustment": null
  },
  "56": {
    "averagePrice": 6642.10810923407,
    "marketSaturation": 1.0466204695955852,
    "building_wages": 379.5,
    "buildingLevelsNeededPerUnitPerHour": 6.477862160039658,
    "modeledProductionCostPerUnit": 2458.181545372127,
    "modeledStoreWages": 417.45000000000005,
    "modeledUnitsSoldAnHour": 0.5,
    "retail_adjustment": null
  },
  "57": {
    "averagePrice": 6760.15025742932,
    "marketSaturation": 0.6534804624717787,
    "building_wages": 379.5,
    "buildingLevelsNeededPerUnitPerHour": 7.84111242358835,
    "modeledProductionCostPerUnit": 3211.1791352673,
    "modeledStoreWages": 417.45000000000005,
    "modeledUnitsSoldAnHour": 1,
    "retail_adjustment": null
  },
  "60": {
    "averagePrice": 47.44531623131241,
    "marketSaturation": 1.3654472496859935,
    "building_wages": 310.5,
    "buildingLevelsNeededPerUnitPerHour": 0.02245499152722764,
    "modeledProductionCostPerUnit": 3.20508063620196,
    "modeledStoreWages": 341.55,
    "modeledUnitsSoldAnHour": 25,
    "retail_adjustment": 0.9
  },
  "61": {
    "averagePrice": 70.54382750525677,
    "marketSaturation": 1.2494118085367918,
    "building_wages": 310.5,
    "buildingLevelsNeededPerUnitPerHour": 0.0626383706025798,
    "modeledProductionCostPerUnit": 9.625066529647327,
    "modeledStoreWages": 341.55,
    "modeledUnitsSoldAnHour": 20,
    "retail_adjustment": 0.9
  },
  "62": {
    "averagePrice": 45.62538074184152,
    "marketSaturation": 1.1803106990959984,
    "building_wages": 310.5,
    "buildingLevelsNeededPerUnitPerHour": 0.06305384056072663,
    "modeledProductionCostPerUnit": 11.505930577249828,
    "modeledStoreWages": 341.55,
    "modeledUnitsSoldAnHour": 45,
    "retail_adjustment": 0.9
  },
  "63": {
    "averagePrice": 73.74916053782994,
    "marketSaturation": 1.1618115315952129,
    "building_wages": 310.5,
    "buildingLevelsNeededPerUnitPerHour": 0.10806926153357793,
    "modeledProductionCostPerUnit": 17.7634591245862,
    "modeledStoreWages": 341.55,
    "modeledUnitsSoldAnHour": 30,
    "retail_adjustment": 0.9
  },
  "64": {
    "averagePrice": 110.94269162040325,
    "marketSaturation": 1.2537210633650104,
    "building_wages": 310.5,
    "buildingLevelsNeededPerUnitPerHour": 0.15712050087376828,
    "modeledProductionCostPerUnit": 24.466105571887145,
    "modeledStoreWages": 341.55,
    "modeledUnitsSoldAnHour": 20,
    "retail_adjustment": 0.9
  },
  "65": {
    "averagePrice": 43.38387053297192,
    "marketSaturation": 0.9842100291615661,