{
  "3": {
    "averagePrice": 8.649449033493726,
    "marketSaturation": 1.4975720230415137,
    "building_wages": 138,
    "buildingLevelsNeededPerHour": 0.9227409261232832,
    "modeledProductionCostPerUnit": 1.4271146702613828,
    "modeledStoreWages": 151.8,
    "modeledUnitsSoldAnHour": 110
  },
  "4": {
    "averagePrice": 9.895253019411307,
    "marketSaturation": 1.4667056670052916,
    "building_wages": 138,
    "buildingLevelsNeededPerHour": 0.7941671158907616,
    "modeledProductionCostPerUnit": 1.4721915275924875,
    "modeledStoreWages": 151.8,
    "modeledUnitsSoldAnHour": 90
  },
  "5": {
    "averagePrice": 11.620087126849215,
    "marketSaturation": 1.5262066478785683,
    "building_wages": 138,
    "buildingLevelsNeededPerHour": 0.8291056766823511,
    "modeledProductionCostPerUnit": 1.8118449245962616,
    "modeledStoreWages": 151.8,
    "modeledUnitsSoldAnHour": 80
  },
  "7": {
    "averagePrice": 67.1405416099649,
    "marketSaturation": 1.5019589260092934,
    "building_wages": 138,
    "buildingLevelsNeededPerHour": 3.569269364981781,
    "modeledProductionCostPerUnit": 27.236159609981534,
    "modeledStoreWages": 151.8,
    "modeledUnitsSoldAnHour": 35
  },
  "8": {
    "averagePrice": 18.999800247222257,
    "marketSaturation": 1.3223144296069,
    "building_wages": 138,
    "buildingLevelsNeededPerHour": 2.6365764323739924,
    "modeledProductionCostPerUnit": 7.373164779734834,
    "modeledStoreWages": 151.8,
    "modeledUnitsSoldAnHour": 110
  },
  "9": {
    "averagePrice": 3.5891390841092234,
    "marketSaturation": 1.4461091875298668,
    "building_wages": 138,
    "buildingLevelsNeededPerHour": 1.6710045211567326,
    "modeledProductionCostPerUnit": 0.7457356032185923,
    "modeledStoreWages": 151.8,
    "modeledUnitsSoldAnHour": 340
  },
  "11": {
    "averagePrice": 55.929718881336626,
    "marketSaturation": 1.005300561747017,
    "building_wages": 345,
    "buildingLevelsNeededPerHour": 6.409820979782869,
    "modeledProductionCostPerUnit": 25.346153686717084,
    "modeledStoreWages": 379.5,
    "modeledUnitsSoldAnHour": 103
  },
  "12": {
    "averagePrice": 55.21698487304325,
    "marketSaturation": 1.022680594282437,
    "building_wages": 345,
    "buildingLevelsNeededPerHour": 6.502042291606895,
    "modeledProductionCostPerUnit": 25.19784402194254,
    "modeledStoreWages": 379.5,
    "modeledUnitsSoldAnHour": 105
  },
  "24": {
    "averagePrice": 969.7439036966153,
    "marketSaturation": 0.6842700430666159,
    "building_wages": 172.5,
    "buildingLevelsNeededPerHour": 1.8392307869443942,
    "modeledProductionCostPerUnit": 344.9494349087166,
    "modeledStoreWages": 189.75,
    "modeledUnitsSoldAnHour": 2
  },
  "25": {
    "averagePrice": 1644.8601056252298,
    "marketSaturation": 0.9199513469786537,
    "building_wages": 172.5,
    "buildingLevelsNeededPerHour": 0.9072130442023334,
    "modeledProductionCostPerUnit": 424.5693713975946,
    "modeledStoreWages": 189.75,
    "modeledUnitsSoldAnHour": 0.8
  },
  "26": {
    "averagePrice": 1933.9815508720037,
    "marketSaturation": 0.6316496146278862,
    "building_wages": 172.5,
    "buildingLevelsNeededPerHour": 2.120495964911704,
    "modeledProductionCostPerUnit": 668.733955448407,
    "modeledStoreWages": 189.75,
    "modeledUnitsSoldAnHour": 1.2
  },
  "27": {
    "averagePrice": 936.5390080325832,
    "marketSaturation": 0.7117845694144945,
    "building_wages": 172.5,
    "buildingLevelsNeededPerHour": 1.622796237033601,
    "modeledProductionCostPerUnit": 308.4046472015463,
    "modeledStoreWages": 189.75,
    "modeledUnitsSoldAnHour": 2
  },
  "28": {
    "averagePrice": 1395.7732417547913,
    "marketSaturation": 0.6220197961783672,
    "building_wages": 172.5,
    "buildingLevelsNeededPerHour": 2.4801166612469117,
    "modeledProductionCostPerUnit": 525.0973705473355,
    "modeledStoreWages": 189.75,
    "modeledUnitsSoldAnHour": 1.8
  },
  "53": {
    "averagePrice": 4182.973841202928,
    "marketSaturation": 0.98995971513734,
    "building_wages": 379.5,
    "buildingLevelsNeededPerHour": 10.247586989380554,
    "modeledProductionCostPerUnit": 1904.6909025403743,
    "modeledStoreWages": 417.45000000000005,
    "modeledUnitsSoldAnHour": 2
  },
  "54": {
    "averagePrice": 9307.935960803472,
    "marketSaturation": 1.020667691730265,
    "building_wages": 379.5,
    "buildingLevelsNeededPerHour": 4.928088330614549,
    "modeledProductionCostPerUnit": 3605.832810680735,
    "modeledStoreWages": 417.45000000000005,
    "modeledUnitsSoldAnHour": 0.5
  },
  "55": {
    "averagePrice": 2967.518145718005,
    "marketSaturation": 0.925737812024234,
    "building_wages": 379.5,
    "buildingLevelsNeededPerHour": 6.649747052327421,
    "modeledProductionCostPerUnit": 1281.6366908936352,
    "modeledStoreWages": 417.45000000000005,
    "modeledUnitsSoldAnHour": 2
  },
  "56": {
    "averagePrice": 6961.770393334625,
    "marketSaturation": 1.0754372710230735,
    "building_wages": 379.5,
    "buildingLevelsNeededPerHour": 3.238931080019829,
    "modeledProductionCostPerUnit": 2458.181545372127,
    "modeledStoreWages": 417.45000000000005,
    "modeledUnitsSoldAnHour": 0.5
  },
  "57": {
    "averagePrice": 7221.910705036567,
    "marketSaturation": 0.7083950884637875,
    "building_wages": 379.5,
    "buildingLevelsNeededPerHour": 7.84111242358835,
    "modeledProductionCostPerUnit": 3211.1791352673,
    "modeledStoreWages": 417.45000000000005,
    "modeledUnitsSoldAnHour": 1
  },
  "60": {
    "averagePrice": 51.333354350092776,
    "marketSaturation": 1.4380549911437086,
    "building_wages": 310.5,
    "buildingLevelsNeededPerHour": 0.561374788180691,
    "modeledProductionCostPerUnit": 3.20508063620196,
    "modeledStoreWages": 341.55,
    "modeledUnitsSoldAnHour": 25
  },
  "61": {
    "averagePrice": 76.4184171001277,
    "marketSaturation": 1.3949946882743052,
    "building_wages": 310.5,
    "buildingLevelsNeededPerHour": 1.252767412051596,
    "modeledProductionCostPerUnit": 9.625066529647327,
    "modeledStoreWages": 341.55,
    "modeledUnitsSoldAnHour": 20
  },
  "62": {
    "averagePrice": 50.8165460262064,
    "marketSaturation": 1.1742700059122162,
    "building_wages": 310.5,
    "buildingLevelsNeededPerHour": 2.8374228252326987,
    "modeledProductionCostPerUnit": 11.505930577249828,
    "modeledStoreWages": 341.55,
    "modeledUnitsSoldAnHour": 45
  },
  "63": {
    "averagePrice": 78.8118152173313,
    "marketSaturation": 1.3452326074703564,
    "building_wages": 310.5,
    "buildingLevelsNeededPerHour": 3.242077846007338,
    "modeledProductionCostPerUnit": 17.7634591245862,
    "modeledStoreWages": 341.55,
    "modeledUnitsSoldAnHour": 30
  },
  "64": {
    "averagePrice": 119.04594876148838,
    "marketSaturation": 1.4182266261746015,
    "building_wages": 310.5,
    "buildingLevelsNeededPerHour": 3.1424100174753655,
    "modeledProductionCostPerUnit": 24.466105571887145,
    "modeledStoreWages": 341.55,
    "modeledUnitsSoldAnHour": 20
  },
  "65": {
    "averagePrice": 46.28869838177439,
    "marketSaturation": 0.9738258010072874,
    "building_wages": 310.5,
    "buildingLevelsNeededPerHour": 0.6166977404091037,
    "modeledProductionCostPerUnit": 7.808059932953702,
    "modeledStoreWages": 341.55,
    "modeledUnitsSoldAnHour": 30
  },
  "67": {
    "averagePrice": 15.832733367346542,
    "marketSaturation": 0.3262757189720178,
    "building_wages": 241.5,
    "buildingLevelsNeededPerHour": 7.126660643508605,
    "modeledProductionCostPerUnit": 6.802184398114884,
    "modeledStoreWages": 265.65,
    "modeledUnitsSoldAnHour": 400
  },
  "70": {
    "averagePrice": 1224.7479300835055,
    "marketSaturation": 1.0780363708782472,
    "building_wages": 310.5,
    "buildingLevelsNeededPerHour": 3.930402675021479,
    "modeledProductionCostPerUnit": 465.85586655742173,
    "modeledStoreWages": 341.55,
    "modeledUnitsSoldAnHour": 3
  },
  "71": {
    "averagePrice": 2280.5017144208814,
    "marketSaturation": 1.2927621559815352,