{
  "3": {
    "averagePrice": 8.30440160988952,
    "marketSaturation": 1.6370632039883035,
    "building_wages": 138,
    "buildingLevelsNeededPerHour": 0.8848617470138891,
    "modeledProductionCostPerUnit": 1.3443057880333458,
    "modeledStoreWages": 151.8,
    "modeledUnitsSoldAnHour": 110
  },
  "4": {
    "averagePrice": 9.687221088601317,
    "marketSaturation": 1.6279185301102972,
    "building_wages": 138,
    "buildingLevelsNeededPerHour": 0.7621793771628567,
    "modeledProductionCostPerUnit": 1.3882376098075626,
    "modeledStoreWages": 151.8,
    "modeledUnitsSoldAnHour": 90
  },
  "5": {
    "averagePrice": 11.19471220417508,
    "marketSaturation": 1.6163078456475446,
    "building_wages": 138,
    "buildingLevelsNeededPerHour": 0.794155499030178,
    "modeledProductionCostPerUnit": 1.7042446242535634,
    "modeledStoreWages": 151.8,
    "modeledUnitsSoldAnHour": 80
  },
  "7": {
    "averagePrice": 68.6139298615857,
    "marketSaturation": 1.4264954630586906,
    "building_wages": 138,
    "buildingLevelsNeededPerHour": 3.342243904354985,
    "modeledProductionCostPerUnit": 24.98377551904246,
    "modeledStoreWages": 151.8,
    "modeledUnitsSoldAnHour": 35
  },
  "8": {
    "averagePrice": 18.551057304389666,
    "marketSaturation": 1.268648657090469,
    "building_wages": 138,
    "buildingLevelsNeededPerHour": 2.4439984741503773,
    "modeledProductionCostPerUnit": 6.72213881963258,
    "modeledStoreWages": 151.8,
    "modeledUnitsSoldAnHour": 110
  },
  "9": {
    "averagePrice": 3.432755894270577,
    "marketSaturation": 1.5930472136669567,
    "building_wages": 138,
    "buildingLevelsNeededPerHour": 1.6093864977160086,
    "modeledProductionCostPerUnit": 0.7125887946138862,
    "modeledStoreWages": 151.8,
    "modeledUnitsSoldAnHour": 340
  },
  "11": {
    "averagePrice": 54.52447544026082,
    "marketSaturation": 0.9978223936995506,
    "building_wages": 345,
    "buildingLevelsNeededPerHour": 5.795682614246198,
    "modeledProductionCostPerUnit": 22.67431233835862,
    "modeledStoreWages": 379.5,
    "modeledUnitsSoldAnHour": 103
  },
  "12": {
    "averagePrice": 53.68110092967388,
    "marketSaturation": 1.0290127454264293,
    "building_wages": 345,
    "buildingLevelsNeededPerHour": 5.879626836766338,
    "modeledProductionCostPerUnit": 22.54278314009627,
    "modeledStoreWages": 379.5,
    "modeledUnitsSoldAnHour": 105
  },
  "24": {
    "averagePrice": 976.4064660530646,
    "marketSaturation": 0.6377873436943449,
    "building_wages": 172.5,
    "buildingLevelsNeededPerHour": 1.6755899539964703,
    "modeledProductionCostPerUnit": 313.798879301865,
    "modeledStoreWages": 189.75,
    "modeledUnitsSoldAnHour": 2
  },
  "25": {
    "averagePrice": 1645.5939602591359,
    "marketSaturation": 0.887858266607976,
    "building_wages": 172.5,
    "buildingLevelsNeededPerHour": 0.826647673655945,
    "modeledProductionCostPerUnit": 386.2359406767831,
    "modeledStoreWages": 189.75,
    "modeledUnitsSoldAnHour": 0.8
  },
  "26": {
    "averagePrice": 1915.1480657805043,
    "marketSaturation": 0.5813381662943802,
    "building_wages": 172.5,
    "buildingLevelsNeededPerHour": 1.9302373805280244,
    "modeledProductionCostPerUnit": 607.7861475033761,
    "modeledStoreWages": 189.75,
    "modeledUnitsSoldAnHour": 1.2
  },
  "27": {
    "averagePrice": 928.1128839194582,
    "marketSaturation": 0.6116985753897459,
    "building_wages": 172.5,
    "buildingLevelsNeededPerHour": 1.4766325607232296,
    "modeledProductionCostPerUnit": 280.00968037793444,
    "modeledStoreWages": 189.75,
    "modeledUnitsSoldAnHour": 2
  },
  "28": {
    "averagePrice": 1356.4516486645202,
    "marketSaturation": 0.5167488700295827,
    "building_wages": 172.5,
    "buildingLevelsNeededPerHour": 2.2561511617453243,
    "modeledProductionCostPerUnit": 476.7062435722529,
    "modeledStoreWages": 189.75,
    "modeledUnitsSoldAnHour": 1.8
  },
  "53": {
    "averagePrice": 4307.065818904814,
    "marketSaturation": 0.6450914744494525,
    "building_wages": 379.5,
    "buildingLevelsNeededPerHour": 9.344472763645863,
    "modeledProductionCostPerUnit": 1730.9671689838988,
    "modeledStoreWages": 417.45000000000005,
    "modeledUnitsSoldAnHour": 2
  },
  "54": {
    "averagePrice": 9323.674422788607,
    "marketSaturation": 0.7837753417313519,
    "building_wages": 379.5,
    "buildingLevelsNeededPerHour": 4.50056370215423,
    "modeledProductionCostPerUnit": 3278.461956819032,
    "modeledStoreWages": 417.45000000000005,
    "modeledUnitsSoldAnHour": 0.5
  },
  "55": {
    "averagePrice": 2950.4478194378526,
    "marketSaturation": 0.7690980691786871,
    "building_wages": 379.5,
    "buildingLevelsNeededPerHour": 6.043600782087187,
    "modeledProductionCostPerUnit": 1158.7683303533126,
    "modeledStoreWages": 417.45000000000005,
    "modeledUnitsSoldAnHour": 2
  },
  "56": {
    "averagePrice": 6932.720744529696,
    "marketSaturation": 1.0208331798628614,
    "building_wages": 379.5,
    "buildingLevelsNeededPerHour": 2.9483098251399085,
    "modeledProductionCostPerUnit": 2222.1336356050774,
    "modeledStoreWages": 417.45000000000005,
    "modeledUnitsSoldAnHour": 0.5
  },
  "57": {
    "averagePrice": 7056.397699052252,
    "marketSaturation": 0.5860901432110098,
    "building_wages": 379.5,
    "buildingLevelsNeededPerHour": 7.084558543237653,
    "modeledProductionCostPerUnit": 2881.671650559522,
    "modeledStoreWages": 417.45000000000005,
    "modeledUnitsSoldAnHour": 1
  },
  "60": {
    "averagePrice": 53.21871411687265,
    "marketSaturation": 1.5762910198741824,
    "building_wages": 310.5,
    "buildingLevelsNeededPerHour": 0.5418902911242732,
    "modeledProductionCostPerUnit": 3.0664550470583083,
    "modeledStoreWages": 341.55,
    "modeledUnitsSoldAnHour": 25
  },
  "61": {
    "averagePrice": 78.7094961725488,
    "marketSaturation": 1.5193857018184083,
    "building_wages": 310.5,
    "buildingLevelsNeededPerHour": 1.2060762304599932,
    "modeledProductionCostPerUnit": 9.161671345819464,
    "modeledStoreWages": 341.55,
    "modeledUnitsSoldAnHour": 20
  },
  "62": {
    "averagePrice": 52.436656215130746,
    "marketSaturation": 1.2483114057523677,
    "building_wages": 310.5,
    "buildingLevelsNeededPerHour": 2.7129952823418124,
    "modeledProductionCostPerUnit": 10.750818424644207,
    "modeledStoreWages": 341.55,
    "modeledUnitsSoldAnHour": 45
  },
  "63": {
    "averagePrice": 79.05612911732636,
    "marketSaturation": 1.258776582865485,
    "building_wages": 310.5,
    "buildingLevelsNeededPerHour": 3.1132088249603345,
    "modeledProductionCostPerUnit": 16.807152388178515,
    "modeledStoreWages": 341.55,
    "modeledUnitsSoldAnHour": 30
  },
  "64": {
    "averagePrice": 116.87206158473806,
    "marketSaturation": 1.3965487086707322,
    "building_wages": 310.5,
    "buildingLevelsNeededPerHour": 3.0237700008902952,
    "modeledProductionCostPerUnit": 23.27041811300111,
    "modeledStoreWages": 341.55,
    "modeledUnitsSoldAnHour": 20
  },
  "65": {
    "averagePrice": 47.99028548472975,
    "marketSaturation": 1.2134368164558056,
    "building_wages": 310.5,
    "buildingLevelsNeededPerHour": 0.561561083252753,
    "modeledProductionCostPerUnit": 6.993789593574047,
    "modeledStoreWages": 341.55,
    "modeledUnitsSoldAnHour": 30
  },
  "67": {
    "averagePrice": 15.332773035175906,
    "marketSaturation": 0.34678893101659,
    "building_wages": 241.5,
    "buildingLevelsNeededPerHour": 6.48226412825268,
    "modeledProductionCostPerUnit": 6.16892417453501,
    "modeledStoreWages": 265.65,
    "modeledUnitsSoldAnHour": 400
  },
  "70": {
    "averagePrice": 1205.6226911356628,
    "marketSaturation": 0.9844830248472571,
    "building_wages": 310.5,
    "buildingLevelsNeededPerHour": 3.5985509935976054,
    "modeledProductionCostPerUnit": 424.7213109870318,
    "modeledStoreWages": 341.55,
    "modeledUnitsSoldAnHour": 3
  },
  "71": {
    "averagePrice": 2265.3525179856115,