{
  "3": {
    "averagePrice": 8.147538689784705,
    "marketSaturation": 1.6417060058731545,
    "building_wages": 138,
    "buildingLevelsNeededPerHour": 0.8848617470138891,
    "modeledProductionCostPerUnit": 1.3443057880333458,
    "modeledStoreWages": 151.8,
    "modeledUnitsSoldAnHour": 110
  },
  "4": {
    "averagePrice": 9.396162622615146,
    "marketSaturation": 1.6267147740148307,
    "building_wages": 138,
    "buildingLevelsNeededPerHour": 0.7621793771628567,
    "modeledProductionCostPerUnit": 1.3882376098075626,
    "modeledStoreWages": 151.8,
    "modeledUnitsSoldAnHour": 90
  },
  "5": {
    "averagePrice": 11.1061464010031,
    "marketSaturation": 1.6192614829705039,
    "building_wages": 138,
    "buildingLevelsNeededPerHour": 0.794155499030178,
    "modeledProductionCostPerUnit": 1.7042446242535634,
    "modeledStoreWages": 151.8,
    "modeledUnitsSoldAnHour": 80
  },
  "7": {
    "averagePrice": 68.59257875225993,
    "marketSaturation": 1.445554338848675,
    "building_wages": 138,
    "buildingLevelsNeededPerHour": 3.342243904354985,
    "modeledProductionCostPerUnit": 24.98377551904246,
    "modeledStoreWages": 151.8,
    "modeledUnitsSoldAnHour": 35
  },
  "8": {
    "averagePrice": 18.714448213145065,
    "marketSaturation": 1.2717464549595845,
    "building_wages": 138,
    "buildingLevelsNeededPerHour": 2.4439984741503773,
    "modeledProductionCostPerUnit": 6.72213881963258,
    "modeledStoreWages": 151.8,
    "modeledUnitsSoldAnHour": 110
  },
  "9": {
    "averagePrice": 3.4174516678425095,
    "marketSaturation": 1.6125154025233803,
    "building_wages": 138,
    "buildingLevelsNeededPerHour": 1.6093864977160086,
    "modeledProductionCostPerUnit": 0.7125887946138862,
    "modeledStoreWages": 151.8,
    "modeledUnitsSoldAnHour": 340
  },
  "11": {
    "averagePrice": 54.38011732847839,
    "marketSaturation": 0.9937375204437319,
    "building_wages": 345,
    "buildingLevelsNeededPerHour": 5.795682614246198,
    "modeledProductionCostPerUnit": 22.67431233835862,
    "modeledStoreWages": 379.5,
    "modeledUnitsSoldAnHour": 103
  },
  "12": {
    "averagePrice": 53.286147898579365,
    "marketSaturation": 1.023720298781752,
    "building_wages": 345,
    "buildingLevelsNeededPerHour": 5.879626836766338,
    "modeledProductionCostPerUnit": 22.54278314009627,
    "modeledStoreWages": 379.5,
    "modeledUnitsSoldAnHour": 105
  },
  "24": {
    "averagePrice": 990.8675543035184,
    "marketSaturation": 0.6442104683775934,
    "building_wages": 172.5,
    "buildingLevelsNeededPerHour": 1.6755899539964703,
    "modeledProductionCostPerUnit": 313.798879301865,
    "modeledStoreWages": 189.75,
    "modeledUnitsSoldAnHour": 2
  },
  "25": {
    "averagePrice": 1650.7307522448555,
    "marketSaturation": 0.8964853781622366,
    "building_wages": 172.5,
    "buildingLevelsNeededPerHour": 0.826647673655945,
    "modeledProductionCostPerUnit": 386.2359406767831,
    "modeledStoreWages": 189.75,
    "modeledUnitsSoldAnHour": 0.8
  },
  "26": {
    "averagePrice": 1906.93455255411,
    "marketSaturation": 0.5920422043357726,
    "building_wages": 172.5,
    "buildingLevelsNeededPerHour": 1.9302373805280244,
    "modeledProductionCostPerUnit": 607.7861475033761,
    "modeledStoreWages": 189.75,
    "modeledUnitsSoldAnHour": 1.2
  },
  "27": {
    "averagePrice": 919.6896045629194,
    "marketSaturation": 0.6120629193384604,
    "building_wages": 172.5,
    "buildingLevelsNeededPerHour": 1.4766325607232296,
    "modeledProductionCostPerUnit": 280.00968037793444,
    "modeledStoreWages": 189.75,
    "modeledUnitsSoldAnHour": 2
  },
  "28": {
    "averagePrice": 1370.589899131902,
    "marketSaturation": 0.5242018215454101,
    "building_wages": 172.5,
    "buildingLevelsNeededPerHour": 2.2561511617453243,
    "modeledProductionCostPerUnit": 476.7062435722529,
    "modeledStoreWages": 189.75,
    "modeledUnitsSoldAnHour": 1.8
  },
  "53": {
    "averagePrice": 4260.609761839369,
    "marketSaturation": 0.6444952558766393,
    "building_wages": 379.5,
    "buildingLevelsNeededPerHour": 9.344472763645863,
    "modeledProductionCostPerUnit": 1730.9671689838988,
    "modeledStoreWages": 417.45000000000005,
    "modeledUnitsSoldAnHour": 2
  },
  "54": {
    "averagePrice": 9260.094408322497,
    "marketSaturation": 0.7770522364778306,
    "building_wages": 379.5,
    "buildingLevelsNeededPerHour": 4.50056370215423,
    "modeledProductionCostPerUnit": 3278.461956819032,
    "modeledStoreWages": 417.45000000000005,
    "modeledUnitsSoldAnHour": 0.5
  },
  "55": {
    "averagePrice": 2953.6275728301603,
    "marketSaturation": 0.762714958265748,
    "building_wages": 379.5,
    "buildingLevelsNeededPerHour": 6.043600782087187,
    "modeledProductionCostPerUnit": 1158.7683303533126,
    "modeledStoreWages": 417.45000000000005,
    "modeledUnitsSoldAnHour": 2
  },
  "56": {
    "averagePrice": 6975.6711824760605,
    "marketSaturation": 1.0360179309553645,
    "building_wages": 379.5,
    "buildingLevelsNeededPerHour": 2.9483098251399085,
    "modeledProductionCostPerUnit": 2222.1336356050774,
    "modeledStoreWages": 417.45000000000005,
    "modeledUnitsSoldAnHour": 0.5
  },
  "57": {
    "averagePrice": 7064.724930012203,
    "marketSaturation": 0.5915380707905071,
    "building_wages": 379.5,
    "buildingLevelsNeededPerHour": 7.084558543237653,
    "modeledProductionCostPerUnit": 2881.671650559522,
    "modeledStoreWages": 417.45000000000005,
    "modeledUnitsSoldAnHour": 1
  },
  "60": {
    "averagePrice": 53.47785949770385,
    "marketSaturation": 1.5882222224563285,
    "building_wages": 310.5,
    "buildingLevelsNeededPerHour": 0.5418902911242732,
    "modeledProductionCostPerUnit": 3.0664550470583083,
    "modeledStoreWages": 341.55,
    "modeledUnitsSoldAnHour": 25
  },
  "61": {
    "averagePrice": 79.31849088821673,
    "marketSaturation": 1.535294452760681,
    "building_wages": 310.5,
    "buildingLevelsNeededPerHour": 1.2060762304599932,
    "modeledProductionCostPerUnit": 9.161671345819464,
    "modeledStoreWages": 341.55,
    "modeledUnitsSoldAnHour": 20
  },
  "62": {
    "averagePrice": 51.25306969121573,
    "marketSaturation": 1.2892005922575627,
    "building_wages": 310.5,
    "buildingLevelsNeededPerHour": 2.7129952823418124,
    "modeledProductionCostPerUnit": 10.750818424644207,
    "modeledStoreWages": 341.55,
    "modeledUnitsSoldAnHour": 45
  },
  "63": {
    "averagePrice": 80.2548217873713,
    "marketSaturation": 1.293374659171082,
    "building_wages": 310.5,
    "buildingLevelsNeededPerHour": 3.1132088249603345,
    "modeledProductionCostPerUnit": 16.807152388178515,
    "modeledStoreWages": 341.55,
    "modeledUnitsSoldAnHour": 30
  },
  "64": {
    "averagePrice": 117.0405244767341,
    "marketSaturation": 1.40194756904235,
    "building_wages": 310.5,
    "buildingLevelsNeededPerHour": 3.0237700008902952,
    "modeledProductionCostPerUnit": 23.27041811300111,
    "modeledStoreWages": 341.55,
    "modeledUnitsSoldAnHour": 20
  },
  "65": {
    "averagePrice": 47.46857855429622,
    "marketSaturation": 1.2113031007348611,
    "building_wages": 310.5,
    "buildingLevelsNeededPerHour": 0.561561083252753,
    "modeledProductionCostPerUnit": 6.993789593574047,
    "modeledStoreWages": 341.55,
    "modeledUnitsSoldAnHour": 30
  },
  "67": {
    "averagePrice": 14.96908476634568,
    "marketSaturation": 0.34065788140664593,
    "building_wages": 241.5,
    "buildingLevelsNeededPerHour": 6.48226412825268,
    "modeledProductionCostPerUnit": 6.16892417453501,
    "modeledStoreWages": 265.65,
    "modeledUnitsSoldAnHour": 400
  },
  "70": {
    "averagePrice": 1208.9899541169302,
    "marketSaturation": 0.9953161384371586,
    "building_wages": 310.5,
    "buildingLevelsNeededPerHour": 3.5985509935976054,
    "modeledProductionCostPerUnit": 424.7213109870318,
    "modeledStoreWages": 341.55,
    "modeledUnitsSoldAnHour": 3
  },
  "71": {
    "averagePrice": 2250.800114374138,
    "marketSaturation": 1.1059176187698634,