{
  "3": {
    "averagePrice": 8.153507816429455,
    "marketSaturation": 1.6544533160946657,
    "building_wages": 138,
    "buildingLevelsNeededPerHour": 0.8848617470138891,
    "modeledProductionCostPerUnit": 1.3443057880333458,
    "modeledStoreWages": 151.8,
    "modeledUnitsSoldAnHour": 110
  },
  "4": {
    "averagePrice": 9.427303809844728,
    "marketSaturation": 1.6488022533864153,
    "building_wages": 138,
    "buildingLevelsNeededPerHour": 0.7621793771628567,
    "modeledProductionCostPerUnit": 1.3882376098075626,
    "modeledStoreWages": 151.8,
    "modeledUnitsSoldAnHour": 90
  },
  "5": {
    "averagePrice": 11.030352283456539,
    "marketSaturation": 1.6302776384576736,
    "building_wages": 138,
    "buildingLevelsNeededPerHour": 0.794155499030178,
    "modeledProductionCostPerUnit": 1.7042446242535634,
    "modeledStoreWages": 151.8,
    "modeledUnitsSoldAnHour": 80
  },
  "7": {
    "averagePrice": 67.943805228795,
    "marketSaturation": 1.4572036341375452,
    "building_wages": 138,
    "buildingLevelsNeededPerHour": 3.342243904354985,
    "modeledProductionCostPerUnit": 24.98377551904246,
    "modeledStoreWages": 151.8,
    "modeledUnitsSoldAnHour": 35
  },
  "8": {
    "averagePrice": 18.6173271951049,
    "marketSaturation": 1.2871063617581633,
    "building_wages": 138,
    "buildingLevelsNeededPerHour": 2.4439984741503773,
    "modeledProductionCostPerUnit": 6.72213881963258,
    "modeledStoreWages": 151.8,
    "modeledUnitsSoldAnHour": 110
  },
  "9": {
    "averagePrice": 3.3847632423869767,
    "marketSaturation": 1.6226399127623878,
    "building_wages": 138,
    "buildingLevelsNeededPerHour": 1.6093864977160086,
    "modeledProductionCostPerUnit": 0.7125887946138862,
    "modeledStoreWages": 151.8,
    "modeledUnitsSoldAnHour": 340
  },
  "11": {
    "averagePrice": 54.50516964057871,
    "marketSaturation": 0.9901208184440506,
    "building_wages": 345,
    "buildingLevelsNeededPerHour": 5.795682614246198,
    "modeledProductionCostPerUnit": 22.67431233835862,
    "modeledStoreWages": 379.5,
    "modeledUnitsSoldAnHour": 103
  },
  "12": {
    "averagePrice": 53.3371302647773,
    "marketSaturation": 1.0179246486604392,
    "building_wages": 345,
    "buildingLevelsNeededPerHour": 5.879626836766338,
    "modeledProductionCostPerUnit": 22.54278314009627,
    "modeledStoreWages": 379.5,
    "modeledUnitsSoldAnHour": 105
  },
  "24": {
    "averagePrice": 974.383489817176,
    "marketSaturation": 0.6606648636235697,
    "building_wages": 172.5,
    "buildingLevelsNeededPerHour": 1.6755899539964703,
    "modeledProductionCostPerUnit": 313.798879301865,
    "modeledStoreWages": 189.75,
    "modeledUnitsSoldAnHour": 2
  },
  "25": {
    "averagePrice": 1650.3952576144848,
    "marketSaturation": 0.9004999305142747,
    "building_wages": 172.5,
    "buildingLevelsNeededPerHour": 0.826647673655945,
    "modeledProductionCostPerUnit": 386.2359406767831,
    "modeledStoreWages": 189.75,
    "modeledUnitsSoldAnHour": 0.8
  },
  "26": {
    "averagePrice": 1910.8970236522782,
    "marketSaturation": 0.5887477157696274,
    "building_wages": 172.5,
    "buildingLevelsNeededPerHour": 1.9302373805280244,
    "modeledProductionCostPerUnit": 607.7861475033761,
    "modeledStoreWages": 189.75,
    "modeledUnitsSoldAnHour": 1.2
  },
  "27": {
    "averagePrice": 925.7647774093936,
    "marketSaturation": 0.6065946335586148,
    "building_wages": 172.5,
    "buildingLevelsNeededPerHour": 1.4766325607232296,
    "modeledProductionCostPerUnit": 280.00968037793444,
    "modeledStoreWages": 189.75,
    "modeledUnitsSoldAnHour": 2
  },
  "28": {
    "averagePrice": 1336.6006934084755,
    "marketSaturation": 0.5399500176621926,
    "building_wages": 172.5,
    "buildingLevelsNeededPerHour": 2.2561511617453243,
    "modeledProductionCostPerUnit": 476.7062435722529,
    "modeledStoreWages": 189.75,
    "modeledUnitsSoldAnHour": 1.8
  },
  "53": {
    "averagePrice": 4225.822697831597,
    "marketSaturation": 0.63703215959991,
    "building_wages": 379.5,
    "buildingLevelsNeededPerHour": 9.344472763645863,
    "modeledProductionCostPerUnit": 1730.9671689838988,
    "modeledStoreWages": 417.45000000000005,
    "modeledUnitsSoldAnHour": 2
  },
  "54": {
    "averagePrice": 9270.860958835841,
    "marketSaturation": 0.7574264829919543,
    "building_wages": 379.5,
    "buildingLevelsNeededPerHour": 4.50056370215423,
    "modeledProductionCostPerUnit": 3278.461956819032,
    "modeledStoreWages": 417.45000000000005,
    "modeledUnitsSoldAnHour": 0.5
  },
  "55": {
    "averagePrice": 2964.11107469946,
    "marketSaturation": 0.7837501698311583,
    "building_wages": 379.5,
    "buildingLevelsNeededPerHour": 6.043600782087187,
    "modeledProductionCostPerUnit": 1158.7683303533126,
    "modeledStoreWages": 417.45000000000005,
    "modeledUnitsSoldAnHour": 2
  },
  "56": {
    "averagePrice": 6937.451849209181,
    "marketSaturation": 1.0481824242083384,
    "building_wages": 379.5,
    "buildingLevelsNeededPerHour": 2.9483098251399085,
    "modeledProductionCostPerUnit": 2222.1336356050774,
    "modeledStoreWages": 417.45000000000005,
    "modeledUnitsSoldAnHour": 0.5
  },
  "57": {
    "averagePrice": 7017.857865318073,
    "marketSaturation": 0.5826465905084542,
    "building_wages": 379.5,
    "buildingLevelsNeededPerHour": 7.084558543237653,
    "modeledProductionCostPerUnit": 2881.671650559522,
    "modeledStoreWages": 417.45000000000005,
    "modeledUnitsSoldAnHour": 1
  },
  "60": {
    "averagePrice": 53.654155276707115,
    "marketSaturation": 1.6035006836815429,
    "building_wages": 310.5,
    "buildingLevelsNeededPerHour": 0.5418902911242732,
    "modeledProductionCostPerUnit": 3.0664550470583083,
    "modeledStoreWages": 341.55,
    "modeledUnitsSoldAnHour": 25
  },
  "61": {
    "averagePrice": 79.9275483231234,
    "marketSaturation": 1.5499747827748573,
    "building_wages": 310.5,
    "buildingLevelsNeededPerHour": 1.2060762304599932,
    "modeledProductionCostPerUnit": 9.161671345819464,
    "modeledStoreWages": 341.55,
    "modeledUnitsSoldAnHour": 20
  },
  "62": {
    "averagePrice": 51.2894256600157,
    "marketSaturation": 1.2983947260495958,
    "building_wages": 310.5,
    "buildingLevelsNeededPerHour": 2.7129952823418124,
    "modeledProductionCostPerUnit": 10.750818424644207,
    "modeledStoreWages": 341.55,
    "modeledUnitsSoldAnHour": 45
  },
  "63": {
    "averagePrice": 79.62632749391824,
    "marketSaturation": 1.3174973544613127,
    "building_wages": 310.5,
    "buildingLevelsNeededPerHour": 3.1132088249603345,
    "modeledProductionCostPerUnit": 16.807152388178515,
    "modeledStoreWages": 341.55,
    "modeledUnitsSoldAnHour": 30
  },
  "64": {
    "averagePrice": 118.13971482100617,
    "marketSaturation": 1.4209243092501946,
    "building_wages": 310.5,
    "buildingLevelsNeededPerHour": 3.0237700008902952,
    "modeledProductionCostPerUnit": 23.27041811300111,
    "modeledStoreWages": 341.55,
    "modeledUnitsSoldAnHour": 20
  },
  "65": {
    "averagePrice": 46.72708565746924,
    "marketSaturation": 1.2287668683756876,
    "building_wages": 310.5,
    "buildingLevelsNeededPerHour": 0.561561083252753,
    "modeledProductionCostPerUnit": 6.993789593574047,
    "modeledStoreWages": 341.55,
    "modeledUnitsSoldAnHour": 30
  },
  "67": {
    "averagePrice": 15.29142963335726,
    "marketSaturation": 0.3249314279400159,
    "building_wages": 241.5,
    "buildingLevelsNeededPerHour": 6.48226412825268,
    "modeledProductionCostPerUnit": 6.16892417453501,
    "modeledStoreWages": 265.65,
    "modeledUnitsSoldAnHour": 400
  },
  "70": {
    "averagePrice": 1201.6974983909029,
    "marketSaturation": 1.0018422379700445,
    "building_wages": 310.5,
    "buildingLevelsNeededPerHour": 3.5985509935976054,
    "modeledProductionCostPerUnit": 424.7213109870318,
    "modeledStoreWages": 341.55,
    "modeledUnitsSoldAnHour": 3
  },
  "71": {
    "averagePrice": 2245.44538961272,
    "marketSaturation": 1.112763976785042,