{
  "3": {
    "averagePrice": 8.392245547605027,
    "marketSaturation": 1.6215499717390847,
    "building_wages": 138,
    "buildingLevelsNeededPerHour": 0.9227409261232832,
    "modeledProductionCostPerUnit": 1.4271146702613828,
    "modeledStoreWages": 151.8,
    "modeledUnitsSoldAnHour": 110
  },
  "4": {
    "averagePrice": 9.635039714829238,
    "marketSaturation": 1.6122541476224017,
    "building_wages": 138,
    "buildingLevelsNeededPerHour": 0.7941671158907616,
    "modeledProductionCostPerUnit": 1.4721915275924875,
    "modeledStoreWages": 151.8,
    "modeledUnitsSoldAnHour": 90
  },
  "5": {
    "averagePrice": 11.359300446505223,
    "marketSaturation": 1.5858204530048232,
    "building_wages": 138,
    "buildingLevelsNeededPerHour": 0.8291056766823511,
    "modeledProductionCostPerUnit": 1.8118449245962616,
    "modeledStoreWages": 151.8,
    "modeledUnitsSoldAnHour": 80
  },
  "7": {
    "averagePrice": 69.96183791887827,
    "marketSaturation": 1.3942623235079323,
    "building_wages": 138,
    "buildingLevelsNeededPerHour": 3.569269364981781,
    "modeledProductionCostPerUnit": 27.236159609981534,
    "modeledStoreWages": 151.8,
    "modeledUnitsSoldAnHour": 35
  },
  "8": {
    "averagePrice": 19.142901557673902,
    "marketSaturation": 1.2565941869330925,
    "building_wages": 138,
    "buildingLevelsNeededPerHour": 2.6365764323739924,
    "modeledProductionCostPerUnit": 7.373164779734834,
    "modeledStoreWages": 151.8,
    "modeledUnitsSoldAnHour": 110
  },
  "9": {
    "averagePrice": 3.5028897922710787,
    "marketSaturation": 1.5552065394551167,
    "building_wages": 138,
    "buildingLevelsNeededPerHour": 1.6710045211567326,
    "modeledProductionCostPerUnit": 0.7457356032185923,
    "modeledStoreWages": 151.8,
    "modeledUnitsSoldAnHour": 340
  },
  "11": {
    "averagePrice": 55.07258342189088,
    "marketSaturation": 1.0106956914133152,
    "building_wages": 345,
    "buildingLevelsNeededPerHour": 6.409820979782869,
    "modeledProductionCostPerUnit": 25.346153686717084,
    "modeledStoreWages": 379.5,
    "modeledUnitsSoldAnHour": 103
  },
  "12": {
    "averagePrice": 53.56044075181415,
    "marketSaturation": 1.0374065805005717,
    "building_wages": 345,
    "buildingLevelsNeededPerHour": 6.502042291606895,
    "modeledProductionCostPerUnit": 25.19784402194254,
    "modeledStoreWages": 379.5,
    "modeledUnitsSoldAnHour": 105
  },
  "24": {
    "averagePrice": 1001.2805136556342,
    "marketSaturation": 0.6285959453713642,
    "building_wages": 172.5,
    "buildingLevelsNeededPerHour": 1.8392307869443942,
    "modeledProductionCostPerUnit": 344.9494349087166,
    "modeledStoreWages": 189.75,
    "modeledUnitsSoldAnHour": 2
  },
  "25": {
    "averagePrice": 1656.960069528968,
    "marketSaturation": 0.8773385659410191,
    "building_wages": 172.5,
    "buildingLevelsNeededPerHour": 0.9072130442023334,
    "modeledProductionCostPerUnit": 424.5693713975946,
    "modeledStoreWages": 189.75,
    "modeledUnitsSoldAnHour": 0.8
  },
  "26": {
    "averagePrice": 1931.0620025521055,
    "marketSaturation": 0.5831144535253006,
    "building_wages": 172.5,
    "buildingLevelsNeededPerHour": 2.120495964911704,
    "modeledProductionCostPerUnit": 668.733955448407,
    "modeledStoreWages": 189.75,
    "modeledUnitsSoldAnHour": 1.2
  },
  "27": {
    "averagePrice": 918.5739023040342,
    "marketSaturation": 0.6113324324247251,
    "building_wages": 172.5,
    "buildingLevelsNeededPerHour": 1.622796237033601,
    "modeledProductionCostPerUnit": 308.4046472015463,
    "modeledStoreWages": 189.75,
    "modeledUnitsSoldAnHour": 2
  },
  "28": {
    "averagePrice": 1358.9283802768252,
    "marketSaturation": 0.5136642416407013,
    "building_wages": 172.5,
    "buildingLevelsNeededPerHour": 2.4801166612469117,
    "modeledProductionCostPerUnit": 525.0973705473355,
    "modeledStoreWages": 189.75,
    "modeledUnitsSoldAnHour": 1.8
  },
  "53": {
    "averagePrice": 4344.902692592109,
    "marketSaturation": 0.6528879470117598,
    "building_wages": 379.5,
    "buildingLevelsNeededPerHour": 10.247586989380554,
    "modeledProductionCostPerUnit": 1904.6909025403743,
    "modeledStoreWages": 417.45000000000005,
    "modeledUnitsSoldAnHour": 2
  },
  "54": {
    "averagePrice": 9387.530286994957,
    "marketSaturation": 0.7755513278580228,
    "building_wages": 379.5,
    "buildingLevelsNeededPerHour": 4.928088330614549,
    "modeledProductionCostPerUnit": 3605.832810680735,
    "modeledStoreWages": 417.45000000000005,
    "modeledUnitsSoldAnHour": 0.5
  },
  "55": {
    "averagePrice": 2957.339139865117,
    "marketSaturation": 0.7810684353572447,
    "building_wages": 379.5,
    "buildingLevelsNeededPerHour": 6.649747052327421,
    "modeledProductionCostPerUnit": 1281.6366908936352,
    "modeledStoreWages": 417.45000000000005,
    "modeledUnitsSoldAnHour": 2
  },
  "56": {
    "averagePrice": 6986.095365100016,
    "marketSaturation": 1.017247709063316,
    "building_wages": 379.5,
    "buildingLevelsNeededPerHour": 3.238931080019829,
    "modeledProductionCostPerUnit": 2458.181545372127,
    "modeledStoreWages": 417.45000000000005,
    "modeledUnitsSoldAnHour": 0.5
  },
  "57": {
    "averagePrice": 7206.445810175289,
    "marketSaturation": 0.5803024870109392,
    "building_wages": 379.5,
    "buildingLevelsNeededPerHour": 7.84111242358835,
    "modeledProductionCostPerUnit": 3211.1791352673,
    "modeledStoreWages": 417.45000000000005,
    "modeledUnitsSoldAnHour": 1
  },
  "60": {
    "averagePrice": 52.506363780724556,
    "marketSaturation": 1.5557521286151321,
    "building_wages": 310.5,
    "buildingLevelsNeededPerHour": 0.561374788180691,
    "modeledProductionCostPerUnit": 3.20508063620196,
    "modeledStoreWages": 341.55,
    "modeledUnitsSoldAnHour": 25
  },
  "61": {
    "averagePrice": 79.75654353109051,
    "marketSaturation": 1.504635583140831,
    "building_wages": 310.5,
    "buildingLevelsNeededPerHour": 1.252767412051596,
    "modeledProductionCostPerUnit": 9.625066529647327,
    "modeledStoreWages": 341.55,
    "modeledUnitsSoldAnHour": 20
  },
  "62": {
    "averagePrice": 52.552750840121455,
    "marketSaturation": 1.2322383073435987,
    "building_wages": 310.5,
    "buildingLevelsNeededPerHour": 2.8374228252326987,
    "modeledProductionCostPerUnit": 11.505930577249828,
    "modeledStoreWages": 341.55,
    "modeledUnitsSoldAnHour": 45
  },
  "63": {
    "averagePrice": 82.81602520187484,
    "marketSaturation": 1.2510068682045046,
    "building_wages": 310.5,
    "buildingLevelsNeededPerHour": 3.242077846007338,
    "modeledProductionCostPerUnit": 17.7634591245862,
    "modeledStoreWages": 341.55,
    "modeledUnitsSoldAnHour": 30
  },
  "64": {
    "averagePrice": 117.1014282948564,
    "marketSaturation": 1.397666802379363,
    "building_wages": 310.5,
    "buildingLevelsNeededPerHour": 3.1424100174753655,
    "modeledProductionCostPerUnit": 24.466105571887145,
    "modeledStoreWages": 341.55,
    "modeledUnitsSoldAnHour": 20
  },
  "65": {
    "averagePrice": 47.93298773199116,
    "marketSaturation": 1.1912341369771051,
    "building_wages": 310.5,
    "buildingLevelsNeededPerHour": 0.6166977404091037,
    "modeledProductionCostPerUnit": 7.808059932953702,
    "modeledStoreWages": 341.55,
    "modeledUnitsSoldAnHour": 30
  },
  "67": {
    "averagePrice": 15.756057382112703,
    "marketSaturation": 0.36705565267868084,
    "building_wages": 241.5,
    "buildingLevelsNeededPerHour": 7.126660643508605,
    "modeledProductionCostPerUnit": 6.802184398114884,
    "modeledStoreWages": 265.65,
    "modeledUnitsSoldAnHour": 400
  },
  "70": {
    "averagePrice": 1221.346687594466,
    "marketSaturation": 0.977924007802684,
    "building_wages": 310.5,
    "buildingLevelsNeededPerHour": 3.930402675021479,
    "modeledProductionCostPerUnit": 465.85586655742173,
    "modeledStoreWages": 341.55,
    "modeledUnitsSoldAnHour": 3
  },
  "71": {
    "averagePrice": 2280.509417314284,