{
  "3": {
    "averagePrice": 6.963011570933672,
    "marketSaturation": 1.2,
    "building_wages": 138,
    "buildingLevelsNeededPerHour": 0.008388553873848029,
    "modeledProductionCostPerUnit": 1.4271146702613828,
    "modeledStoreWages": 151.8,
    "modeledUnitsSoldAnHour": 110
  },
  "4": {
    "averagePrice": 8.02234090789953,
    "marketSaturation": 1.2,
    "building_wages": 138,
    "buildingLevelsNeededPerHour": 0.008824079065452907,
    "modeledProductionCostPerUnit": 1.4721915275924875,
    "modeledStoreWages": 151.8,
    "modeledUnitsSoldAnHour": 90
  },
  "5": {
    "averagePrice": 9.2973294574037,
    "marketSaturation": 1.2,
    "building_wages": 138,
    "buildingLevelsNeededPerHour": 0.010363820958529389,
    "modeledProductionCostPerUnit": 1.8118449245962616,
    "modeledStoreWages": 151.8,
    "modeledUnitsSoldAnHour": 80
  },
  "7": {
    "averagePrice": 56.630358659143795,
    "marketSaturation": 1.2,
    "building_wages": 138,
    "buildingLevelsNeededPerHour": 0.10197912471376516,
    "modeledProductionCostPerUnit": 27.236159609981534,
    "modeledStoreWages": 151.8,
    "modeledUnitsSoldAnHour": 35
  },
  "8": {
    "averagePrice": 15.018384545431088,
    "marketSaturation": 1.2,
    "building_wages": 138,
    "buildingLevelsNeededPerHour": 0.023968876657945386,
    "modeledProductionCostPerUnit": 7.373164779734834,
    "modeledStoreWages": 151.8,
    "modeledUnitsSoldAnHour": 110
  },
  "9": {
    "averagePrice": 2.999572669055844,
    "marketSaturation": 1.2,
    "building_wages": 138,
    "buildingLevelsNeededPerHour": 0.004914719179872743,
    "modeledProductionCostPerUnit": 0.7457356032185923,
    "modeledStoreWages": 151.8,
    "modeledUnitsSoldAnHour": 340
  },
  "11": {
    "averagePrice": 41.34388138735441,
    "marketSaturation": 0.9891739779554137,
    "building_wages": 345,
    "buildingLevelsNeededPerHour": 0.06223127164837737,
    "modeledProductionCostPerUnit": 25.346153686717084,
    "modeledStoreWages": 379.5,
    "modeledUnitsSoldAnHour": 103
  },
  "12": {
    "averagePrice": 41.05225497678381,
    "marketSaturation": 1.0211384723405468,
    "building_wages": 345,
    "buildingLevelsNeededPerHour": 0.06192421230101806,
    "modeledProductionCostPerUnit": 25.19784402194254,
    "modeledStoreWages": 379.5,
    "modeledUnitsSoldAnHour": 105
  },
  "24": {
    "averagePrice": 728.2753601396828,
    "marketSaturation": 0.664071957966046,
    "building_wages": 172.5,
    "buildingLevelsNeededPerHour": 0.9196153934721971,
    "modeledProductionCostPerUnit": 344.9494349087166,
    "modeledStoreWages": 189.75,
    "modeledUnitsSoldAnHour": 2
  },
  "25": {
    "averagePrice": 1260.713852008605,
    "marketSaturation": 0.9064219292507371,
    "building_wages": 172.5,
    "buildingLevelsNeededPerHour": 1.1340163052529166,
    "modeledProductionCostPerUnit": 424.5693713975946,
    "modeledStoreWages": 189.75,
    "modeledUnitsSoldAnHour": 0.8
  },
  "26": {
    "averagePrice": 1320.1510737650626,
    "marketSaturation": 0.5893245738283746,
    "building_wages": 172.5,
    "buildingLevelsNeededPerHour": 1.7670799707597535,
    "modeledProductionCostPerUnit": 668.733955448407,
    "modeledStoreWages": 189.75,
    "modeledUnitsSoldAnHour": 1.2
  },
  "27": {
    "averagePrice": 680.497731154328,
    "marketSaturation": 0.6073132552830057,
    "building_wages": 172.5,
    "buildingLevelsNeededPerHour": 0.8113981185168005,
    "modeledProductionCostPerUnit": 308.4046472015463,
    "modeledStoreWages": 189.75,
    "modeledUnitsSoldAnHour": 2
  },
  "28": {
    "averagePrice": 971.6317520409694,
    "marketSaturation": 0.5408504373843342,
    "building_wages": 172.5,
    "buildingLevelsNeededPerHour": 1.3778425895816175,
    "modeledProductionCostPerUnit": 525.0973705473355,
    "modeledStoreWages": 189.75,
    "modeledUnitsSoldAnHour": 1.8
  },
  "53": {
    "averagePrice": 2928.2938180745723,
    "marketSaturation": 0.6300036161033687,
    "building_wages": 379.5,
    "buildingLevelsNeededPerHour": 5.123793494690277,
    "modeledProductionCostPerUnit": 1904.6909025403743,
    "modeledStoreWages": 417.45000000000005,
    "modeledUnitsSoldAnHour": 2
  },
  "54": {
    "averagePrice": 6837.6058705351425,
    "marketSaturation": 0.7533000662122988,
    "building_wages": 379.5,
    "buildingLevelsNeededPerHour": 9.856176661229098,
    "modeledProductionCostPerUnit": 3605.832810680735,
    "modeledStoreWages": 417.45000000000005,
    "modeledUnitsSoldAnHour": 0.5
  },
  "55": {
    "averagePrice": 2167.4872717609096,
    "marketSaturation": 0.7857118183452836,
    "building_wages": 379.5,
    "buildingLevelsNeededPerHour": 3.3248735261637106,
    "modeledProductionCostPerUnit": 1281.6366908936352,
    "modeledStoreWages": 417.45000000000005,
    "modeledUnitsSoldAnHour": 2
  },
  "56": {
    "averagePrice": 5276.284868646897,
    "marketSaturation": 1.053186239756111,
    "building_wages": 379.5,
    "buildingLevelsNeededPerHour": 6.477862160039658,
    "modeledProductionCostPerUnit": 2458.181545372127,
    "modeledStoreWages": 417.45000000000005,
    "modeledUnitsSoldAnHour": 0.5
  },
  "57": {
    "averagePrice": 4985.925383864112,
    "marketSaturation": 0.5966161458281247,
    "building_wages": 379.5,
    "buildingLevelsNeededPerHour": 7.84111242358835,
    "modeledProductionCostPerUnit": 3211.1791352673,
    "modeledStoreWages": 417.45000000000005,
    "modeledUnitsSoldAnHour": 1
  },
  "60": {
    "averagePrice": 36.04433296626084,
    "marketSaturation": 1.2,
    "building_wages": 310.5,
    "buildingLevelsNeededPerHour": 0.02245499152722764,
    "modeledProductionCostPerUnit": 3.20508063620196,
    "modeledStoreWages": 341.55,
    "modeledUnitsSoldAnHour": 25
  },
  "61": {
    "averagePrice": 56.83010150269289,
    "marketSaturation": 1.2,
    "building_wages": 310.5,
    "buildingLevelsNeededPerHour": 0.0626383706025798,
    "modeledProductionCostPerUnit": 9.625066529647327,
    "modeledStoreWages": 341.55,
    "modeledUnitsSoldAnHour": 20
  },
  "62": {
    "averagePrice": 38.601282632338545,
    "marketSaturation": 1.2,
    "building_wages": 310.5,
    "buildingLevelsNeededPerHour": 0.06305384056072663,
    "modeledProductionCostPerUnit": 11.505930577249828,
    "modeledStoreWages": 341.55,
    "modeledUnitsSoldAnHour": 45
  },
  "63": {
    "averagePrice": 60.773335546825585,
    "marketSaturation": 1.2,
    "building_wages": 310.5,
    "buildingLevelsNeededPerHour": 0.10806926153357793,
    "modeledProductionCostPerUnit": 17.7634591245862,
    "modeledStoreWages": 341.55,
    "modeledUnitsSoldAnHour": 30
  },
  "64": {
    "averagePrice": 87.43380758092563,
    "marketSaturation": 1.2,
    "building_wages": 310.5,
    "buildingLevelsNeededPerHour": 0.15712050087376828,
    "modeledProductionCostPerUnit": 24.466105571887145,
    "modeledStoreWages": 341.55,
    "modeledUnitsSoldAnHour": 20
  },
  "65": {
    "averagePrice": 36.54784674310054,
    "marketSaturation": 1.2,
    "building_wages": 310.5,
    "buildingLevelsNeededPerHour": 0.020556591346970122,
    "modeledProductionCostPerUnit": 7.808059932953702,
    "modeledStoreWages": 341.55,
    "modeledUnitsSoldAnHour": 30
  },
  "67": {
    "averagePrice": 9.703303022888932,
    "marketSaturation": 0.3163892397762946,
    "building_wages": 241.5,
    "buildingLevelsNeededPerHour": 0.01781665160877151,
    "modeledProductionCostPerUnit": 6.802184398114884,
    "modeledStoreWages": 265.65,
    "modeledUnitsSoldAnHour": 400
  },
  "70": {
    "averagePrice": 889.028477014523,
    "marketSaturation": 1.0013421406135927,
    "building_wages": 310.5,
    "buildingLevelsNeededPerHour": 1.3101342250071595,
    "modeledProductionCostPerUnit": 465.85586655742173,
    "modeledStoreWages": 341.55,
    "modeledUnitsSoldAnHour": 3
  },
  "71": {
    "averagePrice": 1703.2018828526593,
    "marketSaturation": 1.1153767928978773,
    "building_wages": 310.5,
    "buildingLevelsNeededPerHour": 2.727721277481791,
    "modeledProductionCostPerUnit": 982.944476768138,