{
  "3": {
    "averagePrice": 8.147538689784705,
    "marketSaturation": 1.6417060058731545,
    "building_wages": 138,
    "buildingLevelsNeededPerHour": 0.9227409261232832,
    "modeledProductionCostPerUnit": 1.4271146702613828,
    "modeledStoreWages": 151.8,
    "modeledUnitsSoldAnHour": 110
  },
  "4": {
    "averagePrice": 9.396162622615146,
    "marketSaturation": 1.6267147740148307,
    "building_wages": 138,
    "buildingLevelsNeededPerHour": 0.7941671158907616,
    "modeledProductionCostPerUnit": 1.4721915275924875,
    "modeledStoreWages": 151.8,
    "modeledUnitsSoldAnHour": 90
  },
  "5": {
    "averagePrice": 11.1061464010031,
    "marketSaturation": 1.6192614829705039,
    "building_wages": 138,
    "buildingLevelsNeededPerHour": 0.8291056766823511,
    "modeledProductionCostPerUnit": 1.8118449245962616,
    "modeledStoreWages": 151.8,
    "modeledUnitsSoldAnHour": 80
  },
  "7": {
    "averagePrice": 68.59257875225993,
    "marketSaturation": 1.445554338848675,
    "building_wages": 138,
    "buildingLevelsNeededPerHour": 3.569269364981781,
    "modeledProductionCostPerUnit": 27.236159609981534,
    "modeledStoreWages": 151.8,
    "modeledUnitsSoldAnHour": 35
  },
  "8": {
    "averagePrice": 18.714448213145065,
    "marketSaturation": 1.2717464549595845,
    "building_wages": 138,
    "buildingLevelsNeededPerHour": 2.6365764323739924,
    "modeledProductionCostPerUnit": 7.373164779734834,
    "modeledStoreWages": 151.8,
    "modeledUnitsSoldAnHour": 110
  },
  "9": {
    "averagePrice": 3.4174516678425095,
    "marketSaturation": 1.6125154025233803,
    "building_wages": 138,
    "buildingLevelsNeededPerHour": 1.6710045211567326,
    "modeledProductionCostPerUnit": 0.7457356032185923,
    "modeledStoreWages": 151.8,
    "modeledUnitsSoldAnHour": 340
  },
  "11": {
    "averagePrice": 54.38011732847839,
    "marketSaturation": 0.9937375204437319,
    "building_wages": 345,
    "buildingLevelsNeededPerHour": 6.409820979782869,
    "modeledProductionCostPerUnit": 25.346153686717084,
    "modeledStoreWages": 379.5,
    "modeledUnitsSoldAnHour": 103
  },
  "12": {
    "averagePrice": 53.286147898579365,
    "marketSaturation": 1.023720298781752,
    "building_wages": 345,
    "buildingLevelsNeededPerHour": 6.502042291606895,
    "modeledProductionCostPerUnit": 25.19784402194254,
    "modeledStoreWages": 379.5,
    "modeledUnitsSoldAnHour": 105
  },
  "24": {
    "averagePrice": 990.8675543035184,
    "marketSaturation": 0.6442104683775934,
    "building_wages": 172.5,
    "buildingLevelsNeededPerHour": 1.8392307869443942,
    "modeledProductionCostPerUnit": 344.9494349087166,
    "modeledStoreWages": 189.75,
    "modeledUnitsSoldAnHour": 2
  },
  "25": {
    "averagePrice": 1650.7307522448555,
    "marketSaturation": 0.8964853781622366,
    "building_wages": 172.5,
    "buildingLevelsNeededPerHour": 0.9072130442023334,
    "modeledProductionCostPerUnit": 424.5693713975946,
    "modeledStoreWages": 189.75,
    "modeledUnitsSoldAnHour": 0.8
  },
  "26": {
    "averagePrice": 1906.93455255411,
    "marketSaturation": 0.5920422043357726,
    "building_wages": 172.5,
    "buildingLevelsNeededPerHour": 2.120495964911704,
    "modeledProductionCostPerUnit": 668.733955448407,
    "modeledStoreWages": 189.75,
    "modeledUnitsSoldAnHour": 1.2
  },
  "27": {
    "averagePrice": 919.6896045629194,
    "marketSaturation": 0.6120629193384604,
    "building_wages": 172.5,
    "buildingLevelsNeededPerHour": 1.622796237033601,
    "modeledProductionCostPerUnit": 308.4046472015463,
    "modeledStoreWages": 189.75,
    "modeledUnitsSoldAnHour": 2
  },
  "28": {
    "averagePrice": 1370.589899131902,
    "marketSaturation": 0.5242018215454101,
    "building_wages": 172.5,
    "buildingLevelsNeededPerHour": 2.4801166612469117,
    "modeledProductionCostPerUnit": 525.0973705473355,
    "modeledStoreWages": 189.75,
    "modeledUnitsSoldAnHour": 1.8
  },
  "53": {
    "averagePrice": 4260.609761839369,
    "marketSaturation": 0.6444952558766393,
    "building_wages": 379.5,
    "buildingLevelsNeededPerHour": 10.247586989380554,
    "modeledProductionCostPerUnit": 1904.6909025403743,
    "modeledStoreWages": 417.45000000000005,
    "modeledUnitsSoldAnHour": 2
  },
  "54": {
    "averagePrice": 9260.094408322497,
    "marketSaturation": 0.7770522364778306,
    "building_wages": 379.5,
    "buildingLevelsNeededPerHour": 4.928088330614549,
    "modeledProductionCostPerUnit": 3605.832810680735,
    "modeledStoreWages": 417.45000000000005,
    "modeledUnitsSoldAnHour": 0.5
  },
  "55": {
    "averagePrice": 2953.6275728301603,
    "marketSaturation": 0.762714958265748,
    "building_wages": 379.5,
    "buildingLevelsNeededPerHour": 6.649747052327421,
    "modeledProductionCostPerUnit": 1281.6366908936352,
    "modeledStoreWages": 417.45000000000005,
    "modeledUnitsSoldAnHour": 2
  },
  "56": {
    "averagePrice": 6975.6711824760605,
    "marketSaturation": 1.0360179309553645,
    "building_wages": 379.5,
    "buildingLevelsNeededPerHour": 3.238931080019829,
    "modeledProductionCostPerUnit": 2458.181545372127,
    "modeledStoreWages": 417.45000000000005,
    "modeledUnitsSoldAnHour": 0.5
  },
  "57": {
    "averagePrice": 7064.724930012203,
    "marketSaturation": 0.5915380707905071,
    "building_wages": 379.5,
    "buildingLevelsNeededPerHour": 7.84111242358835,
    "modeledProductionCostPerUnit": 3211.1791352673,
    "modeledStoreWages": 417.45000000000005,
    "modeledUnitsSoldAnHour": 1
  },
  "60": {
    "averagePrice": 53.47785949770385,
    "marketSaturation": 1.5882222224563285,
    "building_wages": 310.5,
    "buildingLevelsNeededPerHour": 0.561374788180691,
    "modeledProductionCostPerUnit": 3.20508063620196,
    "modeledStoreWages": 341.55,
    "modeledUnitsSoldAnHour": 25
  },
  "61": {
    "averagePrice": 79.31849088821673,
    "marketSaturation": 1.535294452760681,
    "building_wages": 310.5,
    "buildingLevelsNeededPerHour": 1.252767412051596,
    "modeledProductionCostPerUnit": 9.625066529647327,
    "modeledStoreWages": 341.55,
    "modeledUnitsSoldAnHour": 20
  },
  "62": {
    "averagePrice": 51.25306969121573,
    "marketSaturation": 1.2892005922575627,
    "building_wages": 310.5,
    "buildingLevelsNeededPerHour": 2.8374228252326987,
    "modeledProductionCostPerUnit": 11.505930577249828,
    "modeledStoreWages": 341.55,
    "modeledUnitsSoldAnHour": 45
  },
  "63": {
    "averagePrice": 80.2548217873713,
    "marketSaturation": 1.293374659171082,
    "building_wages": 310.5,
    "buildingLevelsNeededPerHour": 3.242077846007338,
    "modeledProductionCostPerUnit": 17.7634591245862,
    "modeledStoreWages": 341.55,
    "modeledUnitsSoldAnHour": 30
  },
  "64": {
    "averagePrice": 117.0405244767341,
    "marketSaturation": 1.40194756904235,
    "building_wages": 310.5,
    "buildingLevelsNeededPerHour": 3.1424100174753655,
    "modeledProductionCostPerUnit": 24.466105571887145,
    "modeledStoreWages": 341.55,
    "modeledUnitsSoldAnHour": 20
  },
  "65": {
    "averagePrice": 47.46857855429622,
    "marketSaturation": 1.2113031007348611,
    "building_wages": 310.5,
    "buildingLevelsNeededPerHour": 0.6166977404091037,
    "modeledProductionCostPerUnit": 7.808059932953702,
    "modeledStoreWages": 341.55,
    "modeledUnitsSoldAnHour": 30
  },
  "67": {
    "averagePrice": 14.96908476634568,
    "marketSaturation": 0.34065788140664593,
    "building_wages": 241.5,
    "buildingLevelsNeededPerHour": 7.126660643508605,
    "modeledProductionCostPerUnit": 6.802184398114884,
    "modeledStoreWages": 265.65,
    "modeledUnitsSoldAnHour": 400
  },
  "70": {
    "averagePrice": 1208.9899541169302,
    "marketSaturation": 0.9953161384371586,
    "building_wages": 310.5,
    "buildingLevelsNeededPerHour": 3.930402675021479,
    "modeledProductionCostPerUnit": 465.85586655742173,
    "modeledStoreWages": 341.55,
    "modeledUnitsSoldAnHour": 3
  },
  "71": {
    "averagePrice": 2250.800114374138,
    "marketSaturation": 1.1059176187698634,