{
  "3": {
    "averagePrice": 8.30440160988952,
    "marketSaturation": 1.6370632039883035,
    "building_wages": 138,
    "buildingLevelsNeededPerHour": 0.9227409261232832,
    "modeledProductionCostPerUnit": 1.4271146702613828,
    "modeledStoreWages": 151.8,
    "modeledUnitsSoldAnHour": 110
  },
  "4": {
    "averagePrice": 9.687221088601317,
    "marketSaturation": 1.6279185301102972,
    "building_wages": 138,
    "buildingLevelsNeededPerHour": 0.7941671158907616,
    "modeledProductionCostPerUnit": 1.4721915275924875,
    "modeledStoreWages": 151.8,
    "modeledUnitsSoldAnHour": 90
  },
  "5": {
    "averagePrice": 11.19471220417508,
    "marketSaturation": 1.6163078456475446,
    "building_wages": 138,
    "buildingLevelsNeededPerHour": 0.8291056766823511,
    "modeledProductionCostPerUnit": 1.8118449245962616,
    "modeledStoreWages": 151.8,
    "modeledUnitsSoldAnHour": 80
  },
  "7": {
    "averagePrice": 68.6139298615857,
    "marketSaturation": 1.4264954630586906,
    "building_wages": 138,
    "buildingLevelsNeededPerHour": 3.569269364981781,
    "modeledProductionCostPerUnit": 27.236159609981534,
    "modeledStoreWages": 151.8,
    "modeledUnitsSoldAnHour": 35
  },
  "8": {
    "averagePrice": 18.551057304389666,
    "marketSaturation": 1.268648657090469,
    "building_wages": 138,
    "buildingLevelsNeededPerHour": 2.6365764323739924,
    "modeledProductionCostPerUnit": 7.373164779734834,
    "modeledStoreWages": 151.8,
    "modeledUnitsSoldAnHour": 110
  },
  "9": {
    "averagePrice": 3.432755894270577,
    "marketSaturation": 1.5930472136669567,
    "building_wages": 138,
    "buildingLevelsNeededPerHour": 1.6710045211567326,
    "modeledProductionCostPerUnit": 0.7457356032185923,
    "modeledStoreWages": 151.8,
    "modeledUnitsSoldAnHour": 340
  },
  "11": {
    "averagePrice": 54.52447544026082,
    "marketSaturation": 0.9978223936995506,
    "building_wages": 345,
    "buildingLevelsNeededPerHour": 6.409820979782869,
    "modeledProductionCostPerUnit": 25.346153686717084,
    "modeledStoreWages": 379.5,
    "modeledUnitsSoldAnHour": 103
  },
  "12": {
    "averagePrice": 53.68110092967388,
    "marketSaturation": 1.0290127454264293,
    "building_wages": 345,
    "buildingLevelsNeededPerHour": 6.502042291606895,
    "modeledProductionCostPerUnit": 25.19784402194254,
    "modeledStoreWages": 379.5,
    "modeledUnitsSoldAnHour": 105
  },
  "24": {
    "averagePrice": 976.4064660530646,
    "marketSaturation": 0.6377873436943449,
    "building_wages": 172.5,
    "buildingLevelsNeededPerHour": 1.8392307869443942,
    "modeledProductionCostPerUnit": 344.9494349087166,
    "modeledStoreWages": 189.75,
    "modeledUnitsSoldAnHour": 2
  },
  "25": {
    "averagePrice": 1645.5939602591359,
    "marketSaturation": 0.887858266607976,
    "building_wages": 172.5,
    "buildingLevelsNeededPerHour": 0.9072130442023334,
    "modeledProductionCostPerUnit": 424.5693713975946,
    "modeledStoreWages": 189.75,
    "modeledUnitsSoldAnHour": 0.8
  },
  "26": {
    "averagePrice": 1915.1480657805043,
    "marketSaturation": 0.5813381662943802,
    "building_wages": 172.5,
    "buildingLevelsNeededPerHour": 2.120495964911704,
    "modeledProductionCostPerUnit": 668.733955448407,
    "modeledStoreWages": 189.75,
    "modeledUnitsSoldAnHour": 1.2
  },
  "27": {
    "averagePrice": 928.1128839194582,
    "marketSaturation": 0.6116985753897459,
    "building_wages": 172.5,
    "buildingLevelsNeededPerHour": 1.622796237033601,
    "modeledProductionCostPerUnit": 308.4046472015463,
    "modeledStoreWages": 189.75,
    "modeledUnitsSoldAnHour": 2
  },
  "28": {
    "averagePrice": 1356.4516486645202,
    "marketSaturation": 0.5167488700295827,
    "building_wages": 172.5,
    "buildingLevelsNeededPerHour": 2.4801166612469117,
    "modeledProductionCostPerUnit": 525.0973705473355,
    "modeledStoreWages": 189.75,
    "modeledUnitsSoldAnHour": 1.8
  },
  "53": {
    "averagePrice": 4307.065818904814,
    "marketSaturation": 0.6450914744494525,
    "building_wages": 379.5,
    "buildingLevelsNeededPerHour": 10.247586989380554,
    "modeledProductionCostPerUnit": 1904.6909025403743,
    "modeledStoreWages": 417.45000000000005,
    "modeledUnitsSoldAnHour": 2
  },
  "54": {
    "averagePrice": 9323.674422788607,
    "marketSaturation": 0.7837753417313519,
    "building_wages": 379.5,
    "buildingLevelsNeededPerHour": 4.928088330614549,
    "modeledProductionCostPerUnit": 3605.832810680735,
    "modeledStoreWages": 417.45000000000005,
    "modeledUnitsSoldAnHour": 0.5
  },
  "55": {
    "averagePrice": 2950.4478194378526,
    "marketSaturation": 0.7690980691786871,
    "building_wages": 379.5,
    "buildingLevelsNeededPerHour": 6.649747052327421,
    "modeledProductionCostPerUnit": 1281.6366908936352,
    "modeledStoreWages": 417.45000000000005,
    "modeledUnitsSoldAnHour": 2
  },
  "56": {
    "averagePrice": 6932.720744529696,
    "marketSaturation": 1.0208331798628614,
    "building_wages": 379.5,
    "buildingLevelsNeededPerHour": 3.238931080019829,
    "modeledProductionCostPerUnit": 2458.181545372127,
    "modeledStoreWages": 417.45000000000005,
    "modeledUnitsSoldAnHour": 0.5
  },
  "57": {
    "averagePrice": 7056.397699052252,
    "marketSaturation": 0.5860901432110098,
    "building_wages": 379.5,
    "buildingLevelsNeededPerHour": 7.84111242358835,
    "modeledProductionCostPerUnit": 3211.1791352673,
    "modeledStoreWages": 417.45000000000005,
    "modeledUnitsSoldAnHour": 1
  },
  "60": {
    "averagePrice": 53.21871411687265,
    "marketSaturation": 1.5762910198741824,
    "building_wages": 310.5,
    "buildingLevelsNeededPerHour": 0.561374788180691,
    "modeledProductionCostPerUnit": 3.20508063620196,
    "modeledStoreWages": 341.55,
    "modeledUnitsSoldAnHour": 25
  },
  "61": {
    "averagePrice": 78.7094961725488,
    "marketSaturation": 1.5193857018184083,
    "building_wages": 310.5,
    "buildingLevelsNeededPerHour": 1.252767412051596,
    "modeledProductionCostPerUnit": 9.625066529647327,
    "modeledStoreWages": 341.55,
    "modeledUnitsSoldAnHour": 20
  },
  "62": {
    "averagePrice": 52.436656215130746,
    "marketSaturation": 1.2483114057523677,
    "building_wages": 310.5,
    "buildingLevelsNeededPerHour": 2.8374228252326987,
    "modeledProductionCostPerUnit": 11.505930577249828,
    "modeledStoreWages": 341.55,
    "modeledUnitsSoldAnHour": 45
  },
  "63": {
    "averagePrice": 79.05612911732636,
    "marketSaturation": 1.258776582865485,
    "building_wages": 310.5,
    "buildingLevelsNeededPerHour": 3.242077846007338,
    "modeledProductionCostPerUnit": 17.7634591245862,
    "modeledStoreWages": 341.55,
    "modeledUnitsSoldAnHour": 30
  },
  "64": {
    "averagePrice": 116.87206158473806,
    "marketSaturation": 1.3965487086707322,
    "building_wages": 310.5,
    "buildingLevelsNeededPerHour": 3.1424100174753655,
    "modeledProductionCostPerUnit": 24.466105571887145,
    "modeledStoreWages": 341.55,
    "modeledUnitsSoldAnHour": 20
  },
  "65": {
    "averagePrice": 47.99028548472975,
    "marketSaturation": 1.2134368164558056,
    "building_wages": 310.5,
    "buildingLevelsNeededPerHour": 0.6166977404091037,
    "modeledProductionCostPerUnit": 7.808059932953702,
    "modeledStoreWages": 341.55,
    "modeledUnitsSoldAnHour": 30
  },
  "67": {
    "averagePrice": 15.332773035175906,
    "marketSaturation": 0.34678893101659,
    "building_wages": 241.5,
    "buildingLevelsNeededPerHour": 7.126660643508605,
    "modeledProductionCostPerUnit": 6.802184398114884,
    "modeledStoreWages": 265.65,
    "modeledUnitsSoldAnHour": 400
  },
  "70": {
    "averagePrice": 1205.6226911356628,
    "marketSaturation": 0.9844830248472571,
    "building_wages": 310.5,
    "buildingLevelsNeededPerHour": 3.930402675021479,
    "modeledProductionCostPerUnit": 465.85586655742173,
    "modeledStoreWages": 341.55,
    "modeledUnitsSoldAnHour": 3
  },
  "71": {
    "averagePrice": 2265.3525179856115,
    "marketSaturation": 1.0980709334997043,