{
  "3": {
    "averagePrice": 8.650459117894414,
    "marketSaturation": 1.4111648219976252,
    "building_wages": 138,
    "buildingLevelsNeededPerHour": 0.8848617470138891,
    "modeledProductionCostPerUnit": 1.3443057880333458,
    "modeledStoreWages": 151.8,
    "modeledUnitsSoldAnHour": 110
  },
  "4": {
    "averagePrice": 10.31261448015703,
    "marketSaturation": 1.3871676841067364,
    "building_wages": 138,
    "buildingLevelsNeededPerHour": 0.7621793771628567,
    "modeledProductionCostPerUnit": 1.3882376098075626,
    "modeledStoreWages": 151.8,
    "modeledUnitsSoldAnHour": 90
  },
  "5": {
    "averagePrice": 12.258220078385994,
    "marketSaturation": 1.3829896664403807,
    "building_wages": 138,
    "buildingLevelsNeededPerHour": 0.794155499030178,
    "modeledProductionCostPerUnit": 1.7042446242535634,
    "modeledStoreWages": 151.8,
    "modeledUnitsSoldAnHour": 80
  },
  "7": {
    "averagePrice": 67.57368904633928,
    "marketSaturation": 1.49660449675351,
    "building_wages": 138,
    "buildingLevelsNeededPerHour": 3.342243904354985,
    "modeledProductionCostPerUnit": 24.98377551904246,
    "modeledStoreWages": 151.8,
    "modeledUnitsSoldAnHour": 35
  },
  "8": {
    "averagePrice": 19.52509910099498,
    "marketSaturation": 1.2922809153073316,
    "building_wages": 138,
    "buildingLevelsNeededPerHour": 2.4439984741503773,
    "modeledProductionCostPerUnit": 6.72213881963258,
    "modeledStoreWages": 151.8,
    "modeledUnitsSoldAnHour": 110
  },
  "9": {
    "averagePrice": 3.754018093233891,
    "marketSaturation": 1.3780951543490567,
    "building_wages": 138,
    "buildingLevelsNeededPerHour": 1.6093864977160086,
    "modeledProductionCostPerUnit": 0.7125887946138862,
    "modeledStoreWages": 151.8,
    "modeledUnitsSoldAnHour": 340
  },
  "11": {
    "averagePrice": 52.74798002718142,
    "marketSaturation": 1.2224405766672815,
    "building_wages": 345,
    "buildingLevelsNeededPerHour": 5.795682614246198,
    "modeledProductionCostPerUnit": 22.67431233835862,
    "modeledStoreWages": 379.5,
    "modeledUnitsSoldAnHour": 103
  },
  "12": {
    "averagePrice": 53.02005539482153,
    "marketSaturation": 1.1892051009547162,
    "building_wages": 345,
    "buildingLevelsNeededPerHour": 5.879626836766338,
    "modeledProductionCostPerUnit": 22.54278314009627,
    "modeledStoreWages": 379.5,
    "modeledUnitsSoldAnHour": 105
  },
  "24": {
    "averagePrice": 942.9066041190358,
    "marketSaturation": 0.7101940523188578,
    "building_wages": 172.5,
    "buildingLevelsNeededPerHour": 1.6755899539964703,
    "modeledProductionCostPerUnit": 313.798879301865,
    "modeledStoreWages": 189.75,
    "modeledUnitsSoldAnHour": 2
  },
  "25": {
    "averagePrice": 1634.9934213730905,
    "marketSaturation": 0.804819747886583,
    "building_wages": 172.5,
    "buildingLevelsNeededPerHour": 0.826647673655945,
    "modeledProductionCostPerUnit": 386.2359406767831,
    "modeledStoreWages": 189.75,
    "modeledUnitsSoldAnHour": 0.8
  },
  "26": {
    "averagePrice": 1891.3897521314443,
    "marketSaturation": 0.6209930246341301,
    "building_wages": 172.5,
    "buildingLevelsNeededPerHour": 1.9302373805280244,
    "modeledProductionCostPerUnit": 607.7861475033761,
    "modeledStoreWages": 189.75,
    "modeledUnitsSoldAnHour": 1.2
  },
  "27": {
    "averagePrice": 961.6198622220278,
    "marketSaturation": 0.6040715799215061,
    "building_wages": 172.5,
    "buildingLevelsNeededPerHour": 1.4766325607232296,
    "modeledProductionCostPerUnit": 280.00968037793444,
    "modeledStoreWages": 189.75,
    "modeledUnitsSoldAnHour": 2
  },
  "28": {
    "averagePrice": 1342.1489726325942,
    "marketSaturation": 0.6459765393005441,
    "building_wages": 172.5,
    "buildingLevelsNeededPerHour": 2.2561511617453243,
    "modeledProductionCostPerUnit": 476.7062435722529,
    "modeledStoreWages": 189.75,
    "modeledUnitsSoldAnHour": 1.8
  },
  "53": {
    "averagePrice": 3906.2472015756293,
    "marketSaturation": 1.0474634458429215,
    "building_wages": 379.5,
    "buildingLevelsNeededPerHour": 9.344472763645863,
    "modeledProductionCostPerUnit": 1730.9671689838988,
    "modeledStoreWages": 417.45000000000005,
    "modeledUnitsSoldAnHour": 2
  },
  "54": {
    "averagePrice": 9212.141410287537,
    "marketSaturation": 1.1164156543033408,
    "building_wages": 379.5,
    "buildingLevelsNeededPerHour": 4.50056370215423,
    "modeledProductionCostPerUnit": 3278.461956819032,
    "modeledStoreWages": 417.45000000000005,
    "modeledUnitsSoldAnHour": 0.5
  },
  "55": {
    "averagePrice": 2868.271865284245,
    "marketSaturation": 1.154250814039568,
    "building_wages": 379.5,
    "buildingLevelsNeededPerHour": 6.043600782087187,
    "modeledProductionCostPerUnit": 1158.7683303533126,
    "modeledStoreWages": 417.45000000000005,
    "modeledUnitsSoldAnHour": 2
  },
  "56": {
    "averagePrice": 6896.026555040207,
    "marketSaturation": 1.2330659386778857,
    "building_wages": 379.5,
    "buildingLevelsNeededPerHour": 2.9483098251399085,
    "modeledProductionCostPerUnit": 2222.1336356050774,
    "modeledStoreWages": 417.45000000000005,
    "modeledUnitsSoldAnHour": 0.5
  },
  "57": {
    "averagePrice": 6859.569733060683,
    "marketSaturation": 1.0112472565541486,
    "building_wages": 379.5,
    "buildingLevelsNeededPerHour": 7.084558543237653,
    "modeledProductionCostPerUnit": 2881.671650559522,
    "modeledStoreWages": 417.45000000000005,
    "modeledUnitsSoldAnHour": 1
  },
  "60": {
    "averagePrice": 51.018445553085954,
    "marketSaturation": 1.2174476506481555,
    "building_wages": 310.5,
    "buildingLevelsNeededPerHour": 0.5418902911242732,
    "modeledProductionCostPerUnit": 3.0664550470583083,
    "modeledStoreWages": 341.55,
    "modeledUnitsSoldAnHour": 25
  },
  "61": {
    "averagePrice": 80.53538168915138,
    "marketSaturation": 1.0945976289323192,
    "building_wages": 310.5,
    "buildingLevelsNeededPerHour": 1.2060762304599932,
    "modeledProductionCostPerUnit": 9.161671345819464,
    "modeledStoreWages": 341.55,
    "modeledUnitsSoldAnHour": 20
  },
  "62": {
    "averagePrice": 51.15530766792097,
    "marketSaturation": 0.9508018111741791,
    "building_wages": 310.5,
    "buildingLevelsNeededPerHour": 2.7129952823418124,
    "modeledProductionCostPerUnit": 10.750818424644207,
    "modeledStoreWages": 341.55,
    "modeledUnitsSoldAnHour": 45
  },
  "63": {
    "averagePrice": 88.3674145368624,
    "marketSaturation": 1.01356390590323,
    "building_wages": 310.5,
    "buildingLevelsNeededPerHour": 3.1132088249603345,
    "modeledProductionCostPerUnit": 16.807152388178515,
    "modeledStoreWages": 341.55,
    "modeledUnitsSoldAnHour": 30
  },
  "64": {
    "averagePrice": 129.2594028102463,
    "marketSaturation": 1.1518358488454121,
    "building_wages": 310.5,
    "buildingLevelsNeededPerHour": 3.0237700008902952,
    "modeledProductionCostPerUnit": 23.27041811300111,
    "modeledStoreWages": 341.55,
    "modeledUnitsSoldAnHour": 20
  },
  "65": {
    "averagePrice": 45.03569798402634,
    "marketSaturation": 0.943318954682886,
    "building_wages": 310.5,
    "buildingLevelsNeededPerHour": 0.561561083252753,
    "modeledProductionCostPerUnit": 6.993789593574047,
    "modeledStoreWages": 341.55,
    "modeledUnitsSoldAnHour": 30
  },
  "67": {
    "averagePrice": 12.511970236169525,
    "marketSaturation": 0.1,
    "building_wages": 0,
    "buildingLevelsNeededPerHour": 6.48226412825268,
    "modeledProductionCostPerUnit": 6.16892417453501,
    "modeledStoreWages": null,
    "modeledUnitsSoldAnHour": 400
  },
  "70": {
    "averagePrice": 1158.0552215475261,
    "marketSaturation": 1.1717264587793697,
    "building_wages": 310.5,
    "buildingLevelsNeededPerHour": 3.5985509935976054,
    "modeledProductionCostPerUnit": 424.7213109870318,
    "modeledStoreWages": 341.55,
    "modeledUnitsSoldAnHour": 3
  },
  "71": {
    "averagePrice": 2160.4399794022265,
    "marketSaturation": 1.4380632446575539,