{
  "3": {
    "averagePrice": 8.72024327901681,
    "marketSaturation": 1.4410259633748803,
    "building_wages": 138,
    "buildingLevelsNeededPerHour": 0.9039243394634499,
    "modeledProductionCostPerUnit": 1.3858094303634345,
    "modeledStoreWages": 151.8,
    "modeledUnitsSoldAnHour": 110
  },
  "4": {
    "averagePrice": 10.014586118993646,
    "marketSaturation": 1.4256506046011241,
    "building_wages": 138,
    "buildingLevelsNeededPerHour": 0.7782813554103776,
    "modeledProductionCostPerUnit": 1.4303223605902133,
    "modeledStoreWages": 151.8,
    "modeledUnitsSoldAnHour": 90
  },
  "5": {
    "averagePrice": 11.94258809283052,
    "marketSaturation": 1.4441030106518797,
    "building_wages": 138,
    "buildingLevelsNeededPerHour": 0.8117377607668698,
    "modeledProductionCostPerUnit": 1.758161562721152,
    "modeledStoreWages": 151.8,
    "modeledUnitsSoldAnHour": 80
  },
  "7": {
    "averagePrice": 65.44061461012481,
    "marketSaturation": 1.5529927106052113,
    "building_wages": 138,
    "buildingLevelsNeededPerHour": 3.4557408236794704,
    "modeledProductionCostPerUnit": 26.107063782608225,
    "modeledStoreWages": 151.8,
    "modeledUnitsSoldAnHour": 35
  },
  "8": {
    "averagePrice": 19.334151766909912,
    "marketSaturation": 1.340141713718364,
    "building_wages": 138,
    "buildingLevelsNeededPerHour": 2.5401267549577518,
    "modeledProductionCostPerUnit": 7.046581956294532,
    "modeledStoreWages": 151.8,
    "modeledUnitsSoldAnHour": 110
  },
  "9": {
    "averagePrice": 3.6491375158054966,
    "marketSaturation": 1.3949427521994329,
    "building_wages": 138,
    "buildingLevelsNeededPerHour": 1.6405058115753934,
    "modeledProductionCostPerUnit": 0.7292769680471267,
    "modeledStoreWages": 151.8,
    "modeledUnitsSoldAnHour": 340
  },
  "11": {
    "averagePrice": 55.16736685738371,
    "marketSaturation": 1.1257781227608508,
    "building_wages": 345,
    "buildingLevelsNeededPerHour": 6.10078489104059,
    "modeledProductionCostPerUnit": 24.00011652274248,
    "modeledStoreWages": 379.5,
    "modeledUnitsSoldAnHour": 103
  },
  "12": {
    "averagePrice": 54.51999725849546,
    "marketSaturation": 1.1446154537109299,
    "building_wages": 345,
    "buildingLevelsNeededPerHour": 6.188845103286543,
    "modeledProductionCostPerUnit": 23.86026902336927,
    "modeledStoreWages": 379.5,
    "modeledUnitsSoldAnHour": 105
  },
  "24": {
    "averagePrice": 976.7493028033089,
    "marketSaturation": 0.6723320489088725,
    "building_wages": 172.5,
    "buildingLevelsNeededPerHour": 1.757228800074665,
    "modeledProductionCostPerUnit": 329.33500966377494,
    "modeledStoreWages": 189.75,
    "modeledUnitsSoldAnHour": 2
  },
  "25": {
    "averagePrice": 1643.3446193491466,
    "marketSaturation": 0.8772938824046449,
    "building_wages": 172.5,
    "buildingLevelsNeededPerHour": 0.8668411526664558,
    "modeledProductionCostPerUnit": 405.3539264590962,
    "modeledStoreWages": 189.75,
    "modeledUnitsSoldAnHour": 0.8
  },
  "26": {
    "averagePrice": 1936.4940733988121,
    "marketSaturation": 0.618441488125316,
    "building_wages": 172.5,
    "buildingLevelsNeededPerHour": 2.025133750311332,
    "modeledProductionCostPerUnit": 638.1754481232036,
    "modeledStoreWages": 189.75,
    "modeledUnitsSoldAnHour": 1.2
  },
  "27": {
    "averagePrice": 949.0328179797727,
    "marketSaturation": 0.6625593415414563,
    "building_wages": 172.5,
    "buildingLevelsNeededPerHour": 1.54951672689547,
    "modeledProductionCostPerUnit": 294.16211718069314,
    "modeledStoreWages": 189.75,
    "modeledUnitsSoldAnHour": 2
  },
  "28": {
    "averagePrice": 1393.3649975155968,
    "marketSaturation": 0.6574511982496266,
    "building_wages": 172.5,
    "buildingLevelsNeededPerHour": 2.3678283715514343,
    "modeledProductionCostPerUnit": 500.8252761109699,
    "modeledStoreWages": 189.75,
    "modeledUnitsSoldAnHour": 1.8
  },
  "53": {
    "averagePrice": 4216.592191198939,
    "marketSaturation": 1.009076162270536,
    "building_wages": 379.5,
    "buildingLevelsNeededPerHour": 9.794915559881131,
    "modeledProductionCostPerUnit": 1817.5537839187427,
    "modeledStoreWages": 417.45000000000005,
    "modeledUnitsSoldAnHour": 2
  },
  "54": {
    "averagePrice": 9336.226221740648,
    "marketSaturation": 1.0777243570049029,
    "building_wages": 379.5,
    "buildingLevelsNeededPerHour": 4.713823130644094,
    "modeledProductionCostPerUnit": 3441.633210109271,
    "modeledStoreWages": 417.45000000000005,
    "modeledUnitsSoldAnHour": 0.5
  },
  "55": {
    "averagePrice": 2949.106666344825,
    "marketSaturation": 1.0796886793164764,
    "building_wages": 379.5,
    "buildingLevelsNeededPerHour": 6.345536562836658,
    "modeledProductionCostPerUnit": 1219.8990021740833,
    "modeledStoreWages": 417.45000000000005,
    "modeledUnitsSoldAnHour": 2
  },
  "56": {
    "averagePrice": 6932.207445823301,
    "marketSaturation": 1.16152389737476,
    "building_wages": 379.5,
    "buildingLevelsNeededPerHour": 3.0930688154211006,
    "modeledProductionCostPerUnit": 2339.553506039372,
    "modeledStoreWages": 417.45000000000005,
    "modeledUnitsSoldAnHour": 0.5
  },
  "57": {
    "averagePrice": 7072.820718084617,
    "marketSaturation": 0.907822459482031,
    "building_wages": 379.5,
    "buildingLevelsNeededPerHour": 7.460707968859185,
    "modeledProductionCostPerUnit": 3045.215378262768,
    "modeledStoreWages": 417.45000000000005,
    "modeledUnitsSoldAnHour": 1
  },
  "60": {
    "averagePrice": 51.0951378944979,
    "marketSaturation": 1.3063108394607719,
    "building_wages": 310.5,
    "buildingLevelsNeededPerHour": 0.551733708268428,
    "modeledProductionCostPerUnit": 3.1362257359147736,
    "modeledStoreWages": 341.55,
    "modeledUnitsSoldAnHour": 25
  },
  "61": {
    "averagePrice": 79.36314690072149,
    "marketSaturation": 1.232806171273142,
    "building_wages": 310.5,
    "buildingLevelsNeededPerHour": 1.2296343337949505,
    "modeledProductionCostPerUnit": 9.394549459952708,
    "modeledStoreWages": 341.55,
    "modeledUnitsSoldAnHour": 20
  },
  "62": {
    "averagePrice": 47.508668549472155,
    "marketSaturation": 1.08754595830563,
    "building_wages": 310.5,
    "buildingLevelsNeededPerHour": 2.775487040748311,
    "modeledProductionCostPerUnit": 11.12770965611805,
    "modeledStoreWages": 341.55,
    "modeledUnitsSoldAnHour": 45
  },
  "63": {
    "averagePrice": 84.72843129647855,
    "marketSaturation": 1.190714242272882,
    "building_wages": 310.5,
    "buildingLevelsNeededPerHour": 3.1781332796817536,
    "modeledProductionCostPerUnit": 17.286602160066415,
    "modeledStoreWages": 341.55,
    "modeledUnitsSoldAnHour": 30
  },
  "64": {
    "averagePrice": 120.20212481176932,
    "marketSaturation": 1.271727029938479,
    "building_wages": 310.5,
    "buildingLevelsNeededPerHour": 3.0836186707684448,
    "modeledProductionCostPerUnit": 23.87120299919537,
    "modeledStoreWages": 341.55,
    "modeledUnitsSoldAnHour": 20
  },
  "65": {
    "averagePrice": 45.54854980763403,
    "marketSaturation": 0.9819565752667265,
    "building_wages": 310.5,
    "buildingLevelsNeededPerHour": 0.5889614942075656,
    "modeledProductionCostPerUnit": 7.3977210046962965,
    "modeledStoreWages": 341.55,
    "modeledUnitsSoldAnHour": 30
  },
  "67": {
    "averagePrice": 12.511970236169525,
    "marketSaturation": 0.1,
    "building_wages": 0,
    "buildingLevelsNeededPerHour": 6.8034998203163095,
    "modeledProductionCostPerUnit": 6.484413034180247,
    "modeledStoreWages": null,
    "modeledUnitsSoldAnHour": 400
  },
  "70": {
    "averagePrice": 1211.3387056425186,
    "marketSaturation": 1.128369093693681,
    "building_wages": 310.5,
    "buildingLevelsNeededPerHour": 3.764199914679231,
    "modeledProductionCostPerUnit": 445.2390620197451,
    "modeledStoreWages": 341.55,
    "modeledUnitsSoldAnHour": 3
  },
  "71": {
    "averagePrice": 2249.425946224158,
    "marketSaturation": 1.3530880044285019,