{
  "3": {
    "averagePrice": 8.742404093479651,
    "marketSaturation": 1.43137373389201,
    "building_wages": 138,
    "buildingLevelsNeededPerHour": 0.9039243394634499,
    "modeledProductionCostPerUnit": 1.3858094303634345,
    "modeledStoreWages": 151.8,
    "modeledUnitsSoldAnHour": 110
  },
  "4": {
    "averagePrice": 10.046331980824442,
    "marketSaturation": 1.4032702752616055,
    "building_wages": 138,
    "buildingLevelsNeededPerHour": 0.7782813554103776,
    "modeledProductionCostPerUnit": 1.4303223605902133,
    "modeledStoreWages": 151.8,
    "modeledUnitsSoldAnHour": 90
  },
  "5": {
    "averagePrice": 11.822279751861835,
    "marketSaturation": 1.4310849678545359,
    "building_wages": 138,
    "buildingLevelsNeededPerHour": 0.8117377607668698,
    "modeledProductionCostPerUnit": 1.758161562721152,
    "modeledStoreWages": 151.8,
    "modeledUnitsSoldAnHour": 80
  },
  "7": {
    "averagePrice": 64.96059972408527,
    "marketSaturation": 1.5423929777834755,
    "building_wages": 138,
    "buildingLevelsNeededPerHour": 3.4557408236794704,
    "modeledProductionCostPerUnit": 26.107063782608225,
    "modeledStoreWages": 151.8,
    "modeledUnitsSoldAnHour": 35
  },
  "8": {
    "averagePrice": 19.260916950296384,
    "marketSaturation": 1.353375097781056,
    "building_wages": 138,
    "buildingLevelsNeededPerHour": 2.5401267549577518,
    "modeledProductionCostPerUnit": 7.046581956294532,
    "modeledStoreWages": 151.8,
    "modeledUnitsSoldAnHour": 110
  },
  "9": {
    "averagePrice": 3.6087391663456354,
    "marketSaturation": 1.4083577409475192,
    "building_wages": 138,
    "buildingLevelsNeededPerHour": 1.6405058115753934,
    "modeledProductionCostPerUnit": 0.7292769680471267,
    "modeledStoreWages": 151.8,
    "modeledUnitsSoldAnHour": 340
  },
  "11": {
    "averagePrice": 53.78326478085329,
    "marketSaturation": 1.1765532464318833,
    "building_wages": 345,
    "buildingLevelsNeededPerHour": 6.10078489104059,
    "modeledProductionCostPerUnit": 24.00011652274248,
    "modeledStoreWages": 379.5,
    "modeledUnitsSoldAnHour": 103
  },
  "12": {
    "averagePrice": 53.68010737856642,
    "marketSaturation": 1.176234400345137,
    "building_wages": 345,
    "buildingLevelsNeededPerHour": 6.188845103286543,
    "modeledProductionCostPerUnit": 23.86026902336927,
    "modeledStoreWages": 379.5,
    "modeledUnitsSoldAnHour": 105
  },
  "24": {
    "averagePrice": 949.5256216401976,
    "marketSaturation": 0.6944627243659981,
    "building_wages": 172.5,
    "buildingLevelsNeededPerHour": 1.757228800074665,
    "modeledProductionCostPerUnit": 329.33500966377494,
    "modeledStoreWages": 189.75,
    "modeledUnitsSoldAnHour": 2
  },
  "25": {
    "averagePrice": 1608.7038735463016,
    "marketSaturation": 0.8549869893765205,
    "building_wages": 172.5,
    "buildingLevelsNeededPerHour": 0.8668411526664558,
    "modeledProductionCostPerUnit": 405.3539264590962,
    "modeledStoreWages": 189.75,
    "modeledUnitsSoldAnHour": 0.8
  },
  "26": {
    "averagePrice": 1901.9781070244585,
    "marketSaturation": 0.6196248090073397,
    "building_wages": 172.5,
    "buildingLevelsNeededPerHour": 2.025133750311332,
    "modeledProductionCostPerUnit": 638.1754481232036,
    "modeledStoreWages": 189.75,
    "modeledUnitsSoldAnHour": 1.2
  },
  "27": {
    "averagePrice": 938.5779847485389,
    "marketSaturation": 0.6383798844762095,
    "building_wages": 172.5,
    "buildingLevelsNeededPerHour": 1.54951672689547,
    "modeledProductionCostPerUnit": 294.16211718069314,
    "modeledStoreWages": 189.75,
    "modeledUnitsSoldAnHour": 2
  },
  "28": {
    "averagePrice": 1362.6009071837623,
    "marketSaturation": 0.6491572430242294,
    "building_wages": 172.5,
    "buildingLevelsNeededPerHour": 2.3678283715514343,
    "modeledProductionCostPerUnit": 500.8252761109699,
    "modeledStoreWages": 189.75,
    "modeledUnitsSoldAnHour": 1.8
  },
  "53": {
    "averagePrice": 4148.857002202358,
    "marketSaturation": 1.0318412429256114,
    "building_wages": 379.5,
    "buildingLevelsNeededPerHour": 9.794915559881131,
    "modeledProductionCostPerUnit": 1817.5537839187427,
    "modeledStoreWages": 417.45000000000005,
    "modeledUnitsSoldAnHour": 2
  },
  "54": {
    "averagePrice": 9239.222251696965,
    "marketSaturation": 1.0993611484527934,
    "building_wages": 379.5,
    "buildingLevelsNeededPerHour": 4.713823130644094,
    "modeledProductionCostPerUnit": 3441.633210109271,
    "modeledStoreWages": 417.45000000000005,
    "modeledUnitsSoldAnHour": 0.5
  },
  "55": {
    "averagePrice": 2895.1467259933543,
    "marketSaturation": 1.108895734194193,
    "building_wages": 379.5,
    "buildingLevelsNeededPerHour": 6.345536562836658,
    "modeledProductionCostPerUnit": 1219.8990021740833,
    "modeledStoreWages": 417.45000000000005,
    "modeledUnitsSoldAnHour": 2
  },
  "56": {
    "averagePrice": 6856.1562205789605,
    "marketSaturation": 1.1996494270629336,
    "building_wages": 379.5,
    "buildingLevelsNeededPerHour": 3.0930688154211006,
    "modeledProductionCostPerUnit": 2339.553506039372,
    "modeledStoreWages": 417.45000000000005,
    "modeledUnitsSoldAnHour": 0.5
  },
  "57": {
    "averagePrice": 6927.926890306529,
    "marketSaturation": 0.949432688220506,
    "building_wages": 379.5,
    "buildingLevelsNeededPerHour": 7.460707968859185,
    "modeledProductionCostPerUnit": 3045.215378262768,
    "modeledStoreWages": 417.45000000000005,
    "modeledUnitsSoldAnHour": 1
  },
  "60": {
    "averagePrice": 50.52556647697548,
    "marketSaturation": 1.27956255496505,
    "building_wages": 310.5,
    "buildingLevelsNeededPerHour": 0.551733708268428,
    "modeledProductionCostPerUnit": 3.1362257359147736,
    "modeledStoreWages": 341.55,
    "modeledUnitsSoldAnHour": 25
  },
  "61": {
    "averagePrice": 80.26543296272357,
    "marketSaturation": 1.1808270947483694,
    "building_wages": 310.5,
    "buildingLevelsNeededPerHour": 1.2296343337949505,
    "modeledProductionCostPerUnit": 9.394549459952708,
    "modeledStoreWages": 341.55,
    "modeledUnitsSoldAnHour": 20
  },
  "62": {
    "averagePrice": 48.83481932045411,
    "marketSaturation": 1.008534935159935,
    "building_wages": 310.5,
    "buildingLevelsNeededPerHour": 2.775487040748311,
    "modeledProductionCostPerUnit": 11.12770965611805,
    "modeledStoreWages": 341.55,
    "modeledUnitsSoldAnHour": 45
  },
  "63": {
    "averagePrice": 85.00104754100244,
    "marketSaturation": 1.0693294753768867,
    "building_wages": 310.5,
    "buildingLevelsNeededPerHour": 3.1781332796817536,
    "modeledProductionCostPerUnit": 17.286602160066415,
    "modeledStoreWages": 341.55,
    "modeledUnitsSoldAnHour": 30
  },
  "64": {
    "averagePrice": 123.82405618767918,
    "marketSaturation": 1.2220661081971615,
    "building_wages": 310.5,
    "buildingLevelsNeededPerHour": 3.0836186707684448,
    "modeledProductionCostPerUnit": 23.87120299919537,
    "modeledStoreWages": 341.55,
    "modeledUnitsSoldAnHour": 20
  },
  "65": {
    "averagePrice": 44.95078920188305,
    "marketSaturation": 0.9775094747831963,
    "building_wages": 310.5,
    "buildingLevelsNeededPerHour": 0.5889614942075656,
    "modeledProductionCostPerUnit": 7.3977210046962965,
    "modeledStoreWages": 341.55,
    "modeledUnitsSoldAnHour": 30
  },
  "67": {
    "averagePrice": 12.511970236169525,
    "marketSaturation": 0.1,
    "building_wages": 0,
    "buildingLevelsNeededPerHour": 6.8034998203163095,
    "modeledProductionCostPerUnit": 6.484413034180247,
    "modeledStoreWages": null,
    "modeledUnitsSoldAnHour": 400
  },
  "70": {
    "averagePrice": 1180.4332335655945,
    "marketSaturation": 1.1263611463119334,
    "building_wages": 310.5,
    "buildingLevelsNeededPerHour": 3.764199914679231,
    "modeledProductionCostPerUnit": 445.2390620197451,
    "modeledStoreWages": 341.55,
    "modeledUnitsSoldAnHour": 3
  },
  "71": {
    "averagePrice": 2195.207718413208,
    "marketSaturation": 1.4036597137551423,