{
  "3": {
    "averagePrice": 8.78442748016739,
    "marketSaturation": 1.4236807041924553,
    "building_wages": 138,
    "buildingLevelsNeededPerHour": 0.9039243394634499,
    "modeledProductionCostPerUnit": 1.3858094303634345,
    "modeledStoreWages": 151.8,
    "modeledUnitsSoldAnHour": 110
  },
  "4": {
    "averagePrice": 10.192849000252416,
    "marketSaturation": 1.3944223572722039,
    "building_wages": 138,
    "buildingLevelsNeededPerHour": 0.7782813554103776,
    "modeledProductionCostPerUnit": 1.4303223605902133,
    "modeledStoreWages": 151.8,
    "modeledUnitsSoldAnHour": 90
  },
  "5": {
    "averagePrice": 12.035077563962735,
    "marketSaturation": 1.4145384660031337,
    "building_wages": 138,
    "buildingLevelsNeededPerHour": 0.8117377607668698,
    "modeledProductionCostPerUnit": 1.758161562721152,
    "modeledStoreWages": 151.8,
    "modeledUnitsSoldAnHour": 80
  },
  "7": {
    "averagePrice": 67.12194037317043,
    "marketSaturation": 1.5238212305590597,
    "building_wages": 138,
    "buildingLevelsNeededPerHour": 3.4557408236794704,
    "modeledProductionCostPerUnit": 26.107063782608225,
    "modeledStoreWages": 151.8,
    "modeledUnitsSoldAnHour": 35
  },
  "8": {
    "averagePrice": 19.032113784498737,
    "marketSaturation": 1.3574189793144251,
    "building_wages": 138,
    "buildingLevelsNeededPerHour": 2.5401267549577518,
    "modeledProductionCostPerUnit": 7.046581956294532,
    "modeledStoreWages": 151.8,
    "modeledUnitsSoldAnHour": 110
  },
  "9": {
    "averagePrice": 3.5976814434451247,
    "marketSaturation": 1.4016768902850194,
    "building_wages": 138,
    "buildingLevelsNeededPerHour": 1.6405058115753934,
    "modeledProductionCostPerUnit": 0.7292769680471267,
    "modeledStoreWages": 151.8,
    "modeledUnitsSoldAnHour": 340
  },
  "11": {
    "averagePrice": 53.58473015616042,
    "marketSaturation": 1.187408602095866,
    "building_wages": 345,
    "buildingLevelsNeededPerHour": 6.10078489104059,
    "modeledProductionCostPerUnit": 24.00011652274248,
    "modeledStoreWages": 379.5,
    "modeledUnitsSoldAnHour": 103
  },
  "12": {
    "averagePrice": 53.61001272778755,
    "marketSaturation": 1.1776777564703038,
    "building_wages": 345,
    "buildingLevelsNeededPerHour": 6.188845103286543,
    "modeledProductionCostPerUnit": 23.86026902336927,
    "modeledStoreWages": 379.5,
    "modeledUnitsSoldAnHour": 105
  },
  "24": {
    "averagePrice": 949.5855856275045,
    "marketSaturation": 0.6959500284822573,
    "building_wages": 172.5,
    "buildingLevelsNeededPerHour": 1.757228800074665,
    "modeledProductionCostPerUnit": 329.33500966377494,
    "modeledStoreWages": 189.75,
    "modeledUnitsSoldAnHour": 2
  },
  "25": {
    "averagePrice": 1627.911612711133,
    "marketSaturation": 0.8424774406401572,
    "building_wages": 172.5,
    "buildingLevelsNeededPerHour": 0.8668411526664558,
    "modeledProductionCostPerUnit": 405.3539264590962,
    "modeledStoreWages": 189.75,
    "modeledUnitsSoldAnHour": 0.8
  },
  "26": {
    "averagePrice": 1878.4889973739862,
    "marketSaturation": 0.6234557932389141,
    "building_wages": 172.5,
    "buildingLevelsNeededPerHour": 2.025133750311332,
    "modeledProductionCostPerUnit": 638.1754481232036,
    "modeledStoreWages": 189.75,
    "modeledUnitsSoldAnHour": 1.2
  },
  "27": {
    "averagePrice": 942.1098923054435,
    "marketSaturation": 0.6305877926618649,
    "building_wages": 172.5,
    "buildingLevelsNeededPerHour": 1.54951672689547,
    "modeledProductionCostPerUnit": 294.16211718069314,
    "modeledStoreWages": 189.75,
    "modeledUnitsSoldAnHour": 2
  },
  "28": {
    "averagePrice": 1371.8477299383796,
    "marketSaturation": 0.6453567113111889,
    "building_wages": 172.5,
    "buildingLevelsNeededPerHour": 2.3678283715514343,
    "modeledProductionCostPerUnit": 500.8252761109699,
    "modeledStoreWages": 189.75,
    "modeledUnitsSoldAnHour": 1.8
  },
  "53": {
    "averagePrice": 4111.660537838114,
    "marketSaturation": 1.0382145967572265,
    "building_wages": 379.5,
    "buildingLevelsNeededPerHour": 9.794915559881131,
    "modeledProductionCostPerUnit": 1817.5537839187427,
    "modeledStoreWages": 417.45000000000005,
    "modeledUnitsSoldAnHour": 2
  },
  "54": {
    "averagePrice": 9184.831962817305,
    "marketSaturation": 1.0999873372687374,
    "building_wages": 379.5,
    "buildingLevelsNeededPerHour": 4.713823130644094,
    "modeledProductionCostPerUnit": 3441.633210109271,
    "modeledStoreWages": 417.45000000000005,
    "modeledUnitsSoldAnHour": 0.5
  },
  "55": {
    "averagePrice": 2883.9792866624975,
    "marketSaturation": 1.1226350733053498,
    "building_wages": 379.5,
    "buildingLevelsNeededPerHour": 6.345536562836658,
    "modeledProductionCostPerUnit": 1219.8990021740833,
    "modeledStoreWages": 417.45000000000005,
    "modeledUnitsSoldAnHour": 2
  },
  "56": {
    "averagePrice": 6879.105551135862,
    "marketSaturation": 1.211635801514305,
    "building_wages": 379.5,
    "buildingLevelsNeededPerHour": 3.0930688154211006,
    "modeledProductionCostPerUnit": 2339.553506039372,
    "modeledStoreWages": 417.45000000000005,
    "modeledUnitsSoldAnHour": 0.5
  },
  "57": {
    "averagePrice": 6908.101652364433,
    "marketSaturation": 0.9623698925141114,
    "building_wages": 379.5,
    "buildingLevelsNeededPerHour": 7.460707968859185,
    "modeledProductionCostPerUnit": 3045.215378262768,
    "modeledStoreWages": 417.45000000000005,
    "modeledUnitsSoldAnHour": 1
  },
  "60": {
    "averagePrice": 50.40379772001776,
    "marketSaturation": 1.2690626317646432,
    "building_wages": 310.5,
    "buildingLevelsNeededPerHour": 0.551733708268428,
    "modeledProductionCostPerUnit": 3.1362257359147736,
    "modeledStoreWages": 341.55,
    "modeledUnitsSoldAnHour": 25
  },
  "61": {
    "averagePrice": 80.011125482765,
    "marketSaturation": 1.1567429867625008,
    "building_wages": 310.5,
    "buildingLevelsNeededPerHour": 1.2296343337949505,
    "modeledProductionCostPerUnit": 9.394549459952708,
    "modeledStoreWages": 341.55,
    "modeledUnitsSoldAnHour": 20
  },
  "62": {
    "averagePrice": 47.73065161241172,
    "marketSaturation": 0.9912548679122944,
    "building_wages": 310.5,
    "buildingLevelsNeededPerHour": 2.775487040748311,
    "modeledProductionCostPerUnit": 11.12770965611805,
    "modeledStoreWages": 341.55,
    "modeledUnitsSoldAnHour": 45
  },
  "63": {
    "averagePrice": 86.55368316343827,
    "marketSaturation": 1.0471466239309273,
    "building_wages": 310.5,
    "buildingLevelsNeededPerHour": 3.1781332796817536,
    "modeledProductionCostPerUnit": 17.286602160066415,
    "modeledStoreWages": 341.55,
    "modeledUnitsSoldAnHour": 30
  },
  "64": {
    "averagePrice": 120.93823692144811,
    "marketSaturation": 1.2109199636771286,
    "building_wages": 310.5,
    "buildingLevelsNeededPerHour": 3.0836186707684448,
    "modeledProductionCostPerUnit": 23.87120299919537,
    "modeledStoreWages": 341.55,
    "modeledUnitsSoldAnHour": 20
  },
  "65": {
    "averagePrice": 45.1534378854546,
    "marketSaturation": 0.9673624979128084,
    "building_wages": 310.5,
    "buildingLevelsNeededPerHour": 0.5889614942075656,
    "modeledProductionCostPerUnit": 7.3977210046962965,
    "modeledStoreWages": 341.55,
    "modeledUnitsSoldAnHour": 30
  },
  "67": {
    "averagePrice": 12.511970236169525,
    "marketSaturation": 0.1,
    "building_wages": 0,
    "buildingLevelsNeededPerHour": 6.8034998203163095,
    "modeledProductionCostPerUnit": 6.484413034180247,
    "modeledStoreWages": null,
    "modeledUnitsSoldAnHour": 400
  },
  "70": {
    "averagePrice": 1165.626963293793,
    "marketSaturation": 1.1438155467720017,
    "building_wages": 310.5,
    "buildingLevelsNeededPerHour": 3.764199914679231,
    "modeledProductionCostPerUnit": 445.2390620197451,
    "modeledStoreWages": 341.55,
    "modeledUnitsSoldAnHour": 3
  },
  "71": {
    "averagePrice": 2176.1596315346897,
    "marketSaturation": 1.4070424060925202,