{
  "3": {
    "averagePrice": 8.782095139062813,
    "marketSaturation": 1.5163884815616484,
    "building_wages": 138,
    "buildingLevelsNeededPerHour": 0.9227409261232832,
    "modeledProductionCostPerUnit": 1.4271146702613828,
    "modeledStoreWages": 151.8,
    "modeledUnitsSoldAnHour": 110
  },
  "4": {
    "averagePrice": 10.72331072256349,
    "marketSaturation": 1.4406544670782302,
    "building_wages": 138,
    "buildingLevelsNeededPerHour": 0.7941671158907616,
    "modeledProductionCostPerUnit": 1.4721915275924875,
    "modeledStoreWages": 151.8,
    "modeledUnitsSoldAnHour": 90
  },
  "5": {
    "averagePrice": 11.448713400398454,
    "marketSaturation": 1.5823269902279649,
    "building_wages": 138,
    "buildingLevelsNeededPerHour": 0.8291056766823511,
    "modeledProductionCostPerUnit": 1.8118449245962616,
    "modeledStoreWages": 151.8,
    "modeledUnitsSoldAnHour": 80
  },
  "7": {
    "averagePrice": 81.02350168058742,
    "marketSaturation": 1.2500184481881629,
    "building_wages": 138,
    "buildingLevelsNeededPerHour": 3.569269364981781,
    "modeledProductionCostPerUnit": 27.236159609981534,
    "modeledStoreWages": 151.8,
    "modeledUnitsSoldAnHour": 35
  },
  "8": {
    "averagePrice": 22.2119847301382,
    "marketSaturation": 1.0836987048351032,
    "building_wages": 138,
    "buildingLevelsNeededPerHour": 2.6365764323739924,
    "modeledProductionCostPerUnit": 7.373164779734834,
    "modeledStoreWages": 151.8,
    "modeledUnitsSoldAnHour": 110
  },
  "9": {
    "averagePrice": 3.6763696855460486,
    "marketSaturation": 1.4723396983044936,
    "building_wages": 138,
    "buildingLevelsNeededPerHour": 1.6710045211567326,
    "modeledProductionCostPerUnit": 0.7457356032185923,
    "modeledStoreWages": 151.8,
    "modeledUnitsSoldAnHour": 340
  },
  "11": {
    "averagePrice": 57.549837341194284,
    "marketSaturation": 1.3320935591384546,
    "building_wages": 345,
    "buildingLevelsNeededPerHour": 6.409820979782869,
    "modeledProductionCostPerUnit": 25.346153686717084,
    "modeledStoreWages": 379.5,
    "modeledUnitsSoldAnHour": 103
  },
  "12": {
    "averagePrice": 56.75219148080629,
    "marketSaturation": 1.3269501072000736,
    "building_wages": 345,
    "buildingLevelsNeededPerHour": 6.502042291606895,
    "modeledProductionCostPerUnit": 25.19784402194254,
    "modeledStoreWages": 379.5,
    "modeledUnitsSoldAnHour": 105
  },
  "24": {
    "averagePrice": 1096.9752708127241,
    "marketSaturation": 0.7775834052890126,
    "building_wages": 172.5,
    "buildingLevelsNeededPerHour": 1.8392307869443942,
    "modeledProductionCostPerUnit": 344.9494349087166,
    "modeledStoreWages": 189.75,
    "modeledUnitsSoldAnHour": 2
  },
  "25": {
    "averagePrice": 1812.041041410414,
    "marketSaturation": 0.800711218956285,
    "building_wages": 172.5,
    "buildingLevelsNeededPerHour": 0.9072130442023334,
    "modeledProductionCostPerUnit": 424.5693713975946,
    "modeledStoreWages": 189.75,
    "modeledUnitsSoldAnHour": 0.8
  },
  "26": {
    "averagePrice": 2065.689948756272,
    "marketSaturation": 0.6552514833377144,
    "building_wages": 172.5,
    "buildingLevelsNeededPerHour": 2.120495964911704,
    "modeledProductionCostPerUnit": 668.733955448407,
    "modeledStoreWages": 189.75,
    "modeledUnitsSoldAnHour": 1.2
  },
  "27": {
    "averagePrice": 1036.3058879874252,
    "marketSaturation": 0.6968467831537827,
    "building_wages": 172.5,
    "buildingLevelsNeededPerHour": 1.622796237033601,
    "modeledProductionCostPerUnit": 308.4046472015463,
    "modeledStoreWages": 189.75,
    "modeledUnitsSoldAnHour": 2
  },
  "28": {
    "averagePrice": 1487.4659582357986,
    "marketSaturation": 0.6265121416793711,
    "building_wages": 172.5,
    "buildingLevelsNeededPerHour": 2.4801166612469117,
    "modeledProductionCostPerUnit": 525.0973705473355,
    "modeledStoreWages": 189.75,
    "modeledUnitsSoldAnHour": 1.8
  },
  "53": {
    "averagePrice": 4677.522262964903,
    "marketSaturation": 0.8496879728710651,
    "building_wages": 379.5,
    "buildingLevelsNeededPerHour": 10.247586989380554,
    "modeledProductionCostPerUnit": 1904.6909025403743,
    "modeledStoreWages": 417.45000000000005,
    "modeledUnitsSoldAnHour": 2
  },
  "54": {
    "averagePrice": 10374.062231910555,
    "marketSaturation": 0.9590492365270881,
    "building_wages": 379.5,
    "buildingLevelsNeededPerHour": 4.928088330614549,
    "modeledProductionCostPerUnit": 3605.832810680735,
    "modeledStoreWages": 417.45000000000005,
    "modeledUnitsSoldAnHour": 0.5
  },
  "55": {
    "averagePrice": 3350.8704656355967,
    "marketSaturation": 0.9719125765258996,
    "building_wages": 379.5,
    "buildingLevelsNeededPerHour": 6.649747052327421,
    "modeledProductionCostPerUnit": 1281.6366908936352,
    "modeledStoreWages": 417.45000000000005,
    "modeledUnitsSoldAnHour": 2
  },
  "56": {
    "averagePrice": 7408.134319408355,
    "marketSaturation": 1.210242466134447,
    "building_wages": 379.5,
    "buildingLevelsNeededPerHour": 3.238931080019829,
    "modeledProductionCostPerUnit": 2458.181545372127,
    "modeledStoreWages": 417.45000000000005,
    "modeledUnitsSoldAnHour": 0.5
  },
  "57": {
    "averagePrice": 7755.982046820626,
    "marketSaturation": 0.7604709070619573,
    "building_wages": 379.5,
    "buildingLevelsNeededPerHour": 7.84111242358835,
    "modeledProductionCostPerUnit": 3211.1791352673,
    "modeledStoreWages": 417.45000000000005,
    "modeledUnitsSoldAnHour": 1
  },
  "60": {
    "averagePrice": 51.60708848417444,
    "marketSaturation": 1.3243011701611105,
    "building_wages": 310.5,
    "buildingLevelsNeededPerHour": 0.561374788180691,
    "modeledProductionCostPerUnit": 3.20508063620196,
    "modeledStoreWages": 341.55,
    "modeledUnitsSoldAnHour": 25
  },
  "61": {
    "averagePrice": 83.39975349360122,
    "marketSaturation": 1.1913840569986731,
    "building_wages": 310.5,
    "buildingLevelsNeededPerHour": 1.252767412051596,
    "modeledProductionCostPerUnit": 9.625066529647327,
    "modeledStoreWages": 341.55,
    "modeledUnitsSoldAnHour": 20
  },
  "62": {
    "averagePrice": 57.77634583141892,
    "marketSaturation": 1.043061474061337,
    "building_wages": 310.5,
    "buildingLevelsNeededPerHour": 2.8374228252326987,
    "modeledProductionCostPerUnit": 11.505930577249828,
    "modeledStoreWages": 341.55,
    "modeledUnitsSoldAnHour": 45
  },
  "63": {
    "averagePrice": 91.85060366951667,
    "marketSaturation": 1.1597610398926017,
    "building_wages": 310.5,
    "buildingLevelsNeededPerHour": 3.242077846007338,
    "modeledProductionCostPerUnit": 17.7634591245862,
    "modeledStoreWages": 341.55,
    "modeledUnitsSoldAnHour": 30
  },
  "64": {
    "averagePrice": 134.47366433749784,
    "marketSaturation": 1.2031667079309556,
    "building_wages": 310.5,
    "buildingLevelsNeededPerHour": 3.1424100174753655,
    "modeledProductionCostPerUnit": 24.466105571887145,
    "modeledStoreWages": 341.55,
    "modeledUnitsSoldAnHour": 20
  },
  "65": {
    "averagePrice": 50.013465123557935,
    "marketSaturation": 1.1853909161630252,
    "building_wages": 310.5,
    "buildingLevelsNeededPerHour": 0.6166977404091037,
    "modeledProductionCostPerUnit": 7.808059932953702,
    "modeledStoreWages": 341.55,
    "modeledUnitsSoldAnHour": 30
  },
  "67": {
    "averagePrice": 12.9,
    "marketSaturation": 0.1,
    "building_wages": 0,
    "buildingLevelsNeededPerHour": 7.126660643508605,
    "modeledProductionCostPerUnit": 6.802184398114884,
    "modeledStoreWages": null,
    "modeledUnitsSoldAnHour": 400
  },
  "70": {
    "averagePrice": 1292.6684159646459,
    "marketSaturation": 1.182633863614963,
    "building_wages": 310.5,
    "buildingLevelsNeededPerHour": 3.930402675021479,
    "modeledProductionCostPerUnit": 465.85586655742173,
    "modeledStoreWages": 341.55,
    "modeledUnitsSoldAnHour": 3
  },
  "71": {
    "averagePrice": 2358.283769879766,
    "marketSaturation": 1.4515667417298945,
    "building_wages": 310.5,