{
  "3": {
    "averagePrice": 8.706764335166554,
    "marketSaturation": 1.492607294474877,
    "building_wages": 138,
    "buildingLevelsNeededPerHour": 0.9039243394634499,
    "modeledProductionCostPerUnit": 1.3858094303634345,
    "modeledStoreWages": 151.8,
    "modeledUnitsSoldAnHour": 110
  },
  "4": {
    "averagePrice": 10.514797921932871,
    "marketSaturation": 1.4362579544756886,
    "building_wages": 138,
    "buildingLevelsNeededPerHour": 0.7782813554103776,
    "modeledProductionCostPerUnit": 1.4303223605902133,
    "modeledStoreWages": 151.8,
    "modeledUnitsSoldAnHour": 90
  },
  "5": {
    "averagePrice": 11.603041152389038,
    "marketSaturation": 1.55523153047255,
    "building_wages": 138,
    "buildingLevelsNeededPerHour": 0.8117377607668698,
    "modeledProductionCostPerUnit": 1.758161562721152,
    "modeledStoreWages": 151.8,
    "modeledUnitsSoldAnHour": 80
  },
  "7": {
    "averagePrice": 77.85340958196669,
    "marketSaturation": 1.2200934210617782,
    "building_wages": 138,
    "buildingLevelsNeededPerHour": 3.4557408236794704,
    "modeledProductionCostPerUnit": 26.107063782608225,
    "modeledStoreWages": 151.8,
    "modeledUnitsSoldAnHour": 35
  },
  "8": {
    "averagePrice": 21.23838746535613,
    "marketSaturation": 1.1071301580346187,
    "building_wages": 138,
    "buildingLevelsNeededPerHour": 2.5401267549577518,
    "modeledProductionCostPerUnit": 7.046581956294532,
    "modeledStoreWages": 151.8,
    "modeledUnitsSoldAnHour": 110
  },
  "9": {
    "averagePrice": 3.6730839645852527,
    "marketSaturation": 1.4753825508717042,
    "building_wages": 138,
    "buildingLevelsNeededPerHour": 1.6405058115753934,
    "modeledProductionCostPerUnit": 0.7292769680471267,
    "modeledStoreWages": 151.8,
    "modeledUnitsSoldAnHour": 340
  },
  "11": {
    "averagePrice": 55.17762023115208,
    "marketSaturation": 1.2561045262624244,
    "building_wages": 345,
    "buildingLevelsNeededPerHour": 6.10078489104059,
    "modeledProductionCostPerUnit": 24.00011652274248,
    "modeledStoreWages": 379.5,
    "modeledUnitsSoldAnHour": 103
  },
  "12": {
    "averagePrice": 54.8293435514194,
    "marketSaturation": 1.2620402838740516,
    "building_wages": 345,
    "buildingLevelsNeededPerHour": 6.188845103286543,
    "modeledProductionCostPerUnit": 23.86026902336927,
    "modeledStoreWages": 379.5,
    "modeledUnitsSoldAnHour": 105
  },
  "24": {
    "averagePrice": 1076.026738662703,
    "marketSaturation": 0.7222136690606641,
    "building_wages": 172.5,
    "buildingLevelsNeededPerHour": 1.757228800074665,
    "modeledProductionCostPerUnit": 329.33500966377494,
    "modeledStoreWages": 189.75,
    "modeledUnitsSoldAnHour": 2
  },
  "25": {
    "averagePrice": 1779.13497553364,
    "marketSaturation": 0.8083207973204074,
    "building_wages": 172.5,
    "buildingLevelsNeededPerHour": 0.8668411526664558,
    "modeledProductionCostPerUnit": 405.3539264590962,
    "modeledStoreWages": 189.75,
    "modeledUnitsSoldAnHour": 0.8
  },
  "26": {
    "averagePrice": 1987.733448711429,
    "marketSaturation": 0.636747178097992,
    "building_wages": 172.5,
    "buildingLevelsNeededPerHour": 2.025133750311332,
    "modeledProductionCostPerUnit": 638.1754481232036,
    "modeledStoreWages": 189.75,
    "modeledUnitsSoldAnHour": 1.2
  },
  "27": {
    "averagePrice": 993.8022578247584,
    "marketSaturation": 0.6892200617565177,
    "building_wages": 172.5,
    "buildingLevelsNeededPerHour": 1.54951672689547,
    "modeledProductionCostPerUnit": 294.16211718069314,
    "modeledStoreWages": 189.75,
    "modeledUnitsSoldAnHour": 2
  },
  "28": {
    "averagePrice": 1425.3241075928106,
    "marketSaturation": 0.5819200216601353,
    "building_wages": 172.5,
    "buildingLevelsNeededPerHour": 2.3678283715514343,
    "modeledProductionCostPerUnit": 500.8252761109699,
    "modeledStoreWages": 189.75,
    "modeledUnitsSoldAnHour": 1.8
  },
  "53": {
    "averagePrice": 4453.180649436713,
    "marketSaturation": 0.7857505694995333,
    "building_wages": 379.5,
    "buildingLevelsNeededPerHour": 9.794915559881131,
    "modeledProductionCostPerUnit": 1817.5537839187427,
    "modeledStoreWages": 417.45000000000005,
    "modeledUnitsSoldAnHour": 2
  },
  "54": {
    "averagePrice": 9892.535022912185,
    "marketSaturation": 0.8846815419172458,
    "building_wages": 379.5,
    "buildingLevelsNeededPerHour": 4.713823130644094,
    "modeledProductionCostPerUnit": 3441.633210109271,
    "modeledStoreWages": 417.45000000000005,
    "modeledUnitsSoldAnHour": 0.5
  },
  "55": {
    "averagePrice": 3184.1446415552855,
    "marketSaturation": 0.8793519459140675,
    "building_wages": 379.5,
    "buildingLevelsNeededPerHour": 6.345536562836658,
    "modeledProductionCostPerUnit": 1219.8990021740833,
    "modeledStoreWages": 417.45000000000005,
    "modeledUnitsSoldAnHour": 2
  },
  "56": {
    "averagePrice": 7354.296079578701,
    "marketSaturation": 1.1351807049205902,
    "building_wages": 379.5,
    "buildingLevelsNeededPerHour": 3.0930688154211006,
    "modeledProductionCostPerUnit": 2339.553506039372,
    "modeledStoreWages": 417.45000000000005,
    "modeledUnitsSoldAnHour": 0.5
  },
  "57": {
    "averagePrice": 7475.483619173263,
    "marketSaturation": 0.6825408232221225,
    "building_wages": 379.5,
    "buildingLevelsNeededPerHour": 7.460707968859185,
    "modeledProductionCostPerUnit": 3045.215378262768,
    "modeledStoreWages": 417.45000000000005,
    "modeledUnitsSoldAnHour": 1
  },
  "60": {
    "averagePrice": 51.89243554178375,
    "marketSaturation": 1.3684845997558344,
    "building_wages": 310.5,
    "buildingLevelsNeededPerHour": 0.551733708268428,
    "modeledProductionCostPerUnit": 3.1362257359147736,
    "modeledStoreWages": 341.55,
    "modeledUnitsSoldAnHour": 25
  },
  "61": {
    "averagePrice": 82.89682652341762,
    "marketSaturation": 1.2202293153814905,
    "building_wages": 310.5,
    "buildingLevelsNeededPerHour": 1.2296343337949505,
    "modeledProductionCostPerUnit": 9.394549459952708,
    "modeledStoreWages": 341.55,
    "modeledUnitsSoldAnHour": 20
  },
  "62": {
    "averagePrice": 57.27304042847991,
    "marketSaturation": 1.0309028489441274,
    "building_wages": 310.5,
    "buildingLevelsNeededPerHour": 2.775487040748311,
    "modeledProductionCostPerUnit": 11.12770965611805,
    "modeledStoreWages": 341.55,
    "modeledUnitsSoldAnHour": 45
  },
  "63": {
    "averagePrice": 87.32850327476349,
    "marketSaturation": 1.2202082067534117,
    "building_wages": 310.5,
    "buildingLevelsNeededPerHour": 3.1781332796817536,
    "modeledProductionCostPerUnit": 17.286602160066415,
    "modeledStoreWages": 341.55,
    "modeledUnitsSoldAnHour": 30
  },
  "64": {
    "averagePrice": 131.06752279879726,
    "marketSaturation": 1.189204494148217,
    "building_wages": 310.5,
    "buildingLevelsNeededPerHour": 3.0836186707684448,
    "modeledProductionCostPerUnit": 23.87120299919537,
    "modeledStoreWages": 341.55,
    "modeledUnitsSoldAnHour": 20
  },
  "65": {
    "averagePrice": 48.99898805147364,
    "marketSaturation": 1.1840038080549617,
    "building_wages": 310.5,
    "buildingLevelsNeededPerHour": 0.5889614942075656,
    "modeledProductionCostPerUnit": 7.3977210046962965,
    "modeledStoreWages": 341.55,
    "modeledUnitsSoldAnHour": 30
  },
  "67": {
    "averagePrice": 12.9,
    "marketSaturation": 0.1,
    "building_wages": 0,
    "buildingLevelsNeededPerHour": 6.8034998203163095,
    "modeledProductionCostPerUnit": 6.484413034180247,
    "modeledStoreWages": null,
    "modeledUnitsSoldAnHour": 400
  },
  "70": {
    "averagePrice": 1220.2845261905697,
    "marketSaturation": 1.2039995882214567,
    "building_wages": 310.5,
    "buildingLevelsNeededPerHour": 3.764199914679231,
    "modeledProductionCostPerUnit": 445.2390620197451,
    "modeledStoreWages": 341.55,
    "modeledUnitsSoldAnHour": 3
  },
  "71": {
    "averagePrice": 2242.336026649656,
    "marketSaturation": 1.4059299856532286,
    "building_wages": 310.5,