{
  "3": {
    "averagePrice": 8.459035281811309,
    "marketSaturation": 1.5683943111213938,
    "building_wages": 138,
    "buildingLevelsNeededPerHour": 0.9039243394634499,
    "modeledProductionCostPerUnit": 1.3858094303634345,
    "modeledStoreWages": 151.8,
    "modeledUnitsSoldAnHour": 110
  },
  "4": {
    "averagePrice": 10.158929709394087,
    "marketSaturation": 1.5184446520491377,
    "building_wages": 138,
    "buildingLevelsNeededPerHour": 0.7782813554103776,
    "modeledProductionCostPerUnit": 1.4303223605902133,
    "modeledStoreWages": 151.8,
    "modeledUnitsSoldAnHour": 90
  },
  "5": {
    "averagePrice": 11.405377157780483,
    "marketSaturation": 1.5266901833457234,
    "building_wages": 138,
    "buildingLevelsNeededPerHour": 0.8117377607668698,
    "modeledProductionCostPerUnit": 1.758161562721152,
    "modeledStoreWages": 151.8,
    "modeledUnitsSoldAnHour": 80
  },
  "7": {
    "averagePrice": 73.93947985681746,
    "marketSaturation": 1.2730046585203711,
    "building_wages": 138,
    "buildingLevelsNeededPerHour": 3.4557408236794704,
    "modeledProductionCostPerUnit": 26.107063782608225,
    "modeledStoreWages": 151.8,
    "modeledUnitsSoldAnHour": 35
  },
  "8": {
    "averagePrice": 19.78287538689054,
    "marketSaturation": 1.1987027399753072,
    "building_wages": 138,
    "buildingLevelsNeededPerHour": 2.5401267549577518,
    "modeledProductionCostPerUnit": 7.046581956294532,
    "modeledStoreWages": 151.8,
    "modeledUnitsSoldAnHour": 110
  },
  "9": {
    "averagePrice": 3.5457108891686895,
    "marketSaturation": 1.5145747432896228,
    "building_wages": 138,
    "buildingLevelsNeededPerHour": 1.6405058115753934,
    "modeledProductionCostPerUnit": 0.7292769680471267,
    "modeledStoreWages": 151.8,
    "modeledUnitsSoldAnHour": 340
  },
  "11": {
    "averagePrice": 55.365673801058044,
    "marketSaturation": 1.1149891549180537,
    "building_wages": 345,
    "buildingLevelsNeededPerHour": 6.10078489104059,
    "modeledProductionCostPerUnit": 24.00011652274248,
    "modeledStoreWages": 379.5,
    "modeledUnitsSoldAnHour": 103
  },
  "12": {
    "averagePrice": 54.518545931783976,
    "marketSaturation": 1.1347562158713236,
    "building_wages": 345,
    "buildingLevelsNeededPerHour": 6.188845103286543,
    "modeledProductionCostPerUnit": 23.86026902336927,
    "modeledStoreWages": 379.5,
    "modeledUnitsSoldAnHour": 105
  },
  "24": {
    "averagePrice": 1023.1110420719492,
    "marketSaturation": 0.6126698286299953,
    "building_wages": 172.5,
    "buildingLevelsNeededPerHour": 1.757228800074665,
    "modeledProductionCostPerUnit": 329.33500966377494,
    "modeledStoreWages": 189.75,
    "modeledUnitsSoldAnHour": 2
  },
  "25": {
    "averagePrice": 1711.3596810312763,
    "marketSaturation": 0.8426038397674845,
    "building_wages": 172.5,
    "buildingLevelsNeededPerHour": 0.8668411526664558,
    "modeledProductionCostPerUnit": 405.3539264590962,
    "modeledStoreWages": 189.75,
    "modeledUnitsSoldAnHour": 0.8
  },
  "26": {
    "averagePrice": 1956.4107531178365,
    "marketSaturation": 0.5828116785637637,
    "building_wages": 172.5,
    "buildingLevelsNeededPerHour": 2.025133750311332,
    "modeledProductionCostPerUnit": 638.1754481232036,
    "modeledStoreWages": 189.75,
    "modeledUnitsSoldAnHour": 1.2
  },
  "27": {
    "averagePrice": 954.1779738329402,
    "marketSaturation": 0.6291510161104652,
    "building_wages": 172.5,
    "buildingLevelsNeededPerHour": 1.54951672689547,
    "modeledProductionCostPerUnit": 294.16211718069314,
    "modeledStoreWages": 189.75,
    "modeledUnitsSoldAnHour": 2
  },
  "28": {
    "averagePrice": 1369.0507917664763,
    "marketSaturation": 0.49532611333149873,
    "building_wages": 172.5,
    "buildingLevelsNeededPerHour": 2.3678283715514343,
    "modeledProductionCostPerUnit": 500.8252761109699,
    "modeledStoreWages": 189.75,
    "modeledUnitsSoldAnHour": 1.8
  },
  "53": {
    "averagePrice": 4386.461376560077,
    "marketSaturation": 0.6838213608822887,
    "building_wages": 379.5,
    "buildingLevelsNeededPerHour": 9.794915559881131,
    "modeledProductionCostPerUnit": 1817.5537839187427,
    "modeledStoreWages": 417.45000000000005,
    "modeledUnitsSoldAnHour": 2
  },
  "54": {
    "averagePrice": 9583.390524109014,
    "marketSaturation": 0.7536951597038608,
    "building_wages": 379.5,
    "buildingLevelsNeededPerHour": 4.713823130644094,
    "modeledProductionCostPerUnit": 3441.633210109271,
    "modeledStoreWages": 417.45000000000005,
    "modeledUnitsSoldAnHour": 0.5
  },
  "55": {
    "averagePrice": 3063.401537250544,
    "marketSaturation": 0.7608155835944634,
    "building_wages": 379.5,
    "buildingLevelsNeededPerHour": 6.345536562836658,
    "modeledProductionCostPerUnit": 1219.8990021740833,
    "modeledStoreWages": 417.45000000000005,
    "modeledUnitsSoldAnHour": 2
  },
  "56": {
    "averagePrice": 7106.00334137739,
    "marketSaturation": 1.013646207614351,
    "building_wages": 379.5,
    "buildingLevelsNeededPerHour": 3.0930688154211006,
    "modeledProductionCostPerUnit": 2339.553506039372,
    "modeledStoreWages": 417.45000000000005,
    "modeledUnitsSoldAnHour": 0.5
  },
  "57": {
    "averagePrice": 7411.363329695407,
    "marketSaturation": 0.6219829661216676,
    "building_wages": 379.5,
    "buildingLevelsNeededPerHour": 7.460707968859185,
    "modeledProductionCostPerUnit": 3045.215378262768,
    "modeledStoreWages": 417.45000000000005,
    "modeledUnitsSoldAnHour": 1
  },
  "60": {
    "averagePrice": 51.830321415670426,
    "marketSaturation": 1.4673084550097628,
    "building_wages": 310.5,
    "buildingLevelsNeededPerHour": 0.551733708268428,
    "modeledProductionCostPerUnit": 3.1362257359147736,
    "modeledStoreWages": 341.55,
    "modeledUnitsSoldAnHour": 25
  },
  "61": {
    "averagePrice": 78.95163391054449,
    "marketSaturation": 1.3191244977340293,
    "building_wages": 310.5,
    "buildingLevelsNeededPerHour": 1.2296343337949505,
    "modeledProductionCostPerUnit": 9.394549459952708,
    "modeledStoreWages": 341.55,
    "modeledUnitsSoldAnHour": 20
  },
  "62": {
    "averagePrice": 53.70307885087268,
    "marketSaturation": 1.1671514981516722,
    "building_wages": 310.5,
    "buildingLevelsNeededPerHour": 2.775487040748311,
    "modeledProductionCostPerUnit": 11.12770965611805,
    "modeledStoreWages": 341.55,
    "modeledUnitsSoldAnHour": 45
  },
  "63": {
    "averagePrice": 82.40724385569857,
    "marketSaturation": 1.2730365127625582,
    "building_wages": 310.5,
    "buildingLevelsNeededPerHour": 3.1781332796817536,
    "modeledProductionCostPerUnit": 17.286602160066415,
    "modeledStoreWages": 341.55,
    "modeledUnitsSoldAnHour": 30
  },
  "64": {
    "averagePrice": 121.84480281679011,
    "marketSaturation": 1.2906129080061441,
    "building_wages": 310.5,
    "buildingLevelsNeededPerHour": 3.0836186707684448,
    "modeledProductionCostPerUnit": 23.87120299919537,
    "modeledStoreWages": 341.55,
    "modeledUnitsSoldAnHour": 20
  },
  "65": {
    "averagePrice": 48.235496109200305,
    "marketSaturation": 1.1899219273791628,
    "building_wages": 310.5,
    "buildingLevelsNeededPerHour": 0.5889614942075656,
    "modeledProductionCostPerUnit": 7.3977210046962965,
    "modeledStoreWages": 341.55,
    "modeledUnitsSoldAnHour": 30
  },
  "67": {
    "averagePrice": 12.9,
    "marketSaturation": 0.1,
    "building_wages": 0,
    "buildingLevelsNeededPerHour": 6.8034998203163095,
    "modeledProductionCostPerUnit": 6.484413034180247,
    "modeledStoreWages": null,
    "modeledUnitsSoldAnHour": 400
  },
  "70": {
    "averagePrice": 1220.3995018679952,
    "marketSaturation": 1.0887598196333554,
    "building_wages": 310.5,
    "buildingLevelsNeededPerHour": 3.764199914679231,
    "modeledProductionCostPerUnit": 445.2390620197451,
    "modeledStoreWages": 341.55,
    "modeledUnitsSoldAnHour": 3
  },
  "71": {
    "averagePrice": 2254.4774784074875,
    "marketSaturation": 1.2301760375019264,